solid CATIA STL
  facet normal  -0.000000e+000  0.000000e+000  1.000000e+000
    outer loop
      vertex -2.085501e+000  3.817484e+000  8.264527e-002
      vertex -4.128650e+000  3.633766e+000  8.264527e-002
      vertex -2.565941e+000  3.512613e+000  8.264527e-002
    endloop
  endfacet
  facet normal  -0.000000e+000  -0.000000e+000  1.000000e+000
    outer loop
      vertex -2.861628e+000 -4.696923e+000  8.264527e-002
      vertex -2.296999e+000 -4.997379e+000  8.264527e-002
      vertex -1.701308e+000 -5.230254e+000  8.264527e-002
    endloop
  endfacet
  facet normal  -0.000000e+000  -0.000000e+000  1.000000e+000
    outer loop
      vertex -2.861628e+000 -4.696923e+000  8.264527e-002
      vertex -1.701308e+000 -5.230254e+000  8.264527e-002
      vertex -1.082609e+000 -5.392398e+000  8.264527e-002
    endloop
  endfacet
  facet normal  -0.000000e+000  -0.000000e+000  1.000000e+000
    outer loop
      vertex -2.861628e+000 -4.696923e+000  8.264527e-002
      vertex -1.082609e+000 -5.392398e+000  8.264527e-002
      vertex -4.492692e-001 -5.481620e+000  8.264527e-002
    endloop
  endfacet
  facet normal  0.000000e+000  -0.000000e+000  1.000000e+000
    outer loop
      vertex  4.658639e-001 -4.324982e+000  8.264527e-002
      vertex  8.269895e-001 -5.437471e+000  8.264527e-002
      vertex  1.452649e+000 -5.304697e+000  8.264527e-002
    endloop
  endfacet
  facet normal  0.000000e+000  -0.000000e+000  9.999999e-001
    outer loop
      vertex  4.658639e-001 -4.324982e+000  8.264527e-002
      vertex  1.452649e+000 -5.304697e+000  8.264527e-002
      vertex  2.058665e+000 -5.100186e+000  8.264527e-002
    endloop
  endfacet
  facet normal  0.000000e+000  -0.000000e+000  1.000000e+000
    outer loop
      vertex  4.658639e-001 -4.324982e+000  8.264527e-002
      vertex  2.058665e+000 -5.100186e+000  8.264527e-002
      vertex  2.636840e+000 -4.826704e+000  8.264527e-002
    endloop
  endfacet
  facet normal  0.000000e+000  -0.000000e+000  1.000000e+000
    outer loop
      vertex  4.658639e-001 -4.324982e+000  8.264527e-002
      vertex  2.636840e+000 -4.826704e+000  8.264527e-002
      vertex  3.179357e+000 -4.487949e+000  8.264527e-002
    endloop
  endfacet
  facet normal  0.000000e+000  0.000000e+000  9.999999e-001
    outer loop
      vertex  4.658639e-001 -4.324982e+000  8.264527e-002
      vertex  3.179357e+000 -4.487949e+000  8.264527e-002
      vertex  1.026402e+000 -4.227174e+000  8.264527e-002
    endloop
  endfacet
  facet normal  0.000000e+000  0.000000e+000  1.000000e+000
    outer loop
      vertex -3.179357e+000  4.487949e+000  8.264527e-002
      vertex -3.678879e+000  4.088502e+000  8.264527e-002
      vertex -1.026402e+000  4.227174e+000  8.264527e-002
    endloop
  endfacet
  facet normal  0.000000e+000  -0.000000e+000  9.999999e-001
    outer loop
      vertex -3.179357e+000  4.487949e+000  8.264527e-002
      vertex -1.026402e+000  4.227174e+000  8.264527e-002
      vertex -4.658639e-001  4.324982e+000  8.264527e-002
    endloop
  endfacet
  facet normal  0.000000e+000  0.000000e+000  1.000000e+000
    outer loop
      vertex -3.179357e+000  4.487949e+000  8.264527e-002
      vertex -4.658639e-001  4.324982e+000  8.264527e-002
      vertex -8.269895e-001  5.437471e+000  8.264527e-002
    endloop
  endfacet
  facet normal  0.000000e+000  0.000000e+000  1.000000e+000
    outer loop
      vertex -3.179357e+000  4.487949e+000  8.264527e-002
      vertex -8.269895e-001  5.437471e+000  8.264527e-002
      vertex -1.452649e+000  5.304697e+000  8.264527e-002
    endloop
  endfacet
  facet normal  0.000000e+000  0.000000e+000  1.000000e+000
    outer loop
      vertex -3.179357e+000  4.487949e+000  8.264527e-002
      vertex -1.452649e+000  5.304697e+000  8.264527e-002
      vertex -2.058665e+000  5.100186e+000  8.264527e-002
    endloop
  endfacet
  facet normal  0.000000e+000  0.000000e+000  1.000000e+000
    outer loop
      vertex -3.179357e+000  4.487949e+000  8.264527e-002
      vertex -2.058665e+000  5.100186e+000  8.264527e-002
      vertex -2.636840e+000  4.826704e+000  8.264527e-002
    endloop
  endfacet
  facet normal  0.000000e+000  -0.000000e+000  1.000000e+000
    outer loop
      vertex -3.387558e+000 -4.332949e+000  8.264527e-002
      vertex -2.861628e+000 -4.696923e+000  8.264527e-002
      vertex -1.026451e-001 -4.348789e+000  8.264527e-002
    endloop
  endfacet
  facet normal  0.000000e+000  0.000000e+000  1.000000e+000
    outer loop
      vertex -3.387558e+000 -4.332949e+000  8.264527e-002
      vertex -1.026451e-001 -4.348789e+000  8.264527e-002
      vertex -6.693978e-001 -4.298186e+000  8.264527e-002
    endloop
  endfacet
  facet normal  0.000000e+000  0.000000e+000  1.000000e+000
    outer loop
      vertex -3.387558e+000 -4.332949e+000  8.264527e-002
      vertex -6.693978e-001 -4.298186e+000  8.264527e-002
      vertex -1.224697e+000 -4.174041e+000  8.264527e-002
    endloop
  endfacet
  facet normal  0.000000e+000  0.000000e+000  9.999999e-001
    outer loop
      vertex -3.387558e+000 -4.332949e+000  8.264527e-002
      vertex -1.224697e+000 -4.174041e+000  8.264527e-002
      vertex -1.759041e+000 -3.978476e+000  8.264527e-002
    endloop
  endfacet
  facet normal  0.000000e+000  0.000000e+000  1.000000e+000
    outer loop
      vertex -3.387558e+000 -4.332949e+000  8.264527e-002
      vertex -1.759041e+000 -3.978476e+000  8.264527e-002
      vertex -3.867677e+000 -3.910380e+000  8.264527e-002
    endloop
  endfacet
  facet normal  0.000000e+000  -0.000000e+000  1.000000e+000
    outer loop
      vertex  1.026451e-001  4.348789e+000  8.264527e-002
      vertex  6.693978e-001  4.298186e+000  8.264527e-002
      vertex  3.387558e+000  4.332949e+000  8.264527e-002
    endloop
  endfacet
  facet normal  0.000000e+000  0.000000e+000  1.000000e+000
    outer loop
      vertex  1.026451e-001  4.348789e+000  8.264527e-002
      vertex  3.387558e+000  4.332949e+000  8.264527e-002
      vertex  2.861628e+000  4.696923e+000  8.264527e-002
    endloop
  endfacet
  facet normal  0.000000e+000  0.000000e+000  1.000000e+000
    outer loop
      vertex  1.026451e-001  4.348789e+000  8.264527e-002
      vertex  2.861628e+000  4.696923e+000  8.264527e-002
      vertex  2.296999e+000  4.997379e+000  8.264527e-002
    endloop
  endfacet
  facet normal  0.000000e+000  0.000000e+000  1.000000e+000
    outer loop
      vertex  1.026451e-001  4.348789e+000  8.264527e-002
      vertex  2.296999e+000  4.997379e+000  8.264527e-002
      vertex  1.701308e+000  5.230254e+000  8.264527e-002
    endloop
  endfacet
  facet normal  0.000000e+000  0.000000e+000  1.000000e+000
    outer loop
      vertex  1.026451e-001  4.348789e+000  8.264527e-002
      vertex  1.701308e+000  5.230254e+000  8.264527e-002
      vertex  1.082609e+000  5.392398e+000  8.264527e-002
    endloop
  endfacet
  facet normal  0.000000e+000  0.000000e+000  1.000000e+000
    outer loop
      vertex  1.026451e-001  4.348789e+000  8.264527e-002
      vertex  1.082609e+000  5.392398e+000  8.264527e-002
      vertex  4.492692e-001  5.481620e+000  8.264527e-002
    endloop
  endfacet
  facet normal  0.000000e+000  0.000000e+000  1.000000e+000
    outer loop
      vertex  1.026451e-001  4.348789e+000  8.264527e-002
      vertex  4.492692e-001  5.481620e+000  8.264527e-002
      vertex -1.901459e-001  5.496712e+000  8.264527e-002
    endloop
  endfacet
  facet normal  0.000000e+000  0.000000e+000  1.000000e+000
    outer loop
      vertex  1.026451e-001  4.348789e+000  8.264527e-002
      vertex -1.901459e-001  5.496712e+000  8.264527e-002
      vertex -8.269895e-001  5.437471e+000  8.264527e-002
    endloop
  endfacet
  facet normal  0.000000e+000  0.000000e+000  1.000000e+000
    outer loop
      vertex  1.026451e-001  4.348789e+000  8.264527e-002
      vertex -8.269895e-001  5.437471e+000  8.264527e-002
      vertex -4.658639e-001  4.324982e+000  8.264527e-002
    endloop
  endfacet
  facet normal  0.000000e+000  0.000000e+000  1.000000e+000
    outer loop
      vertex  8.269895e-001 -5.437471e+000  8.264527e-002
      vertex  4.658639e-001 -4.324982e+000  8.264527e-002
      vertex  1.901459e-001 -5.496712e+000  8.264527e-002
    endloop
  endfacet
  facet normal  0.000000e+000  -0.000000e+000  1.000000e+000
    outer loop
      vertex  1.901459e-001 -5.496712e+000  8.264527e-002
      vertex  4.658639e-001 -4.324982e+000  8.264527e-002
      vertex -1.026451e-001 -4.348789e+000  8.264527e-002
    endloop
  endfacet
  facet normal  0.000000e+000  0.000000e+000  1.000000e+000
    outer loop
      vertex  1.901459e-001 -5.496712e+000  8.264527e-002
      vertex -1.026451e-001 -4.348789e+000  8.264527e-002
      vertex -4.492692e-001 -5.481620e+000  8.264527e-002
    endloop
  endfacet
  facet normal  0.000000e+000  -0.000000e+000  9.999999e-001
    outer loop
      vertex -4.492692e-001 -5.481620e+000  8.264527e-002
      vertex -1.026451e-001 -4.348789e+000  8.264527e-002
      vertex -2.861628e+000 -4.696923e+000  8.264527e-002
    endloop
  endfacet
  facet normal  0.000000e+000  0.000000e+000  1.000000e+000
    outer loop
      vertex -4.128650e+000  3.633766e+000  8.264527e-002
      vertex -2.085501e+000  3.817484e+000  8.264527e-002
      vertex -3.678879e+000  4.088502e+000  8.264527e-002
    endloop
  endfacet
  facet normal  0.000000e+000  0.000000e+000  1.000000e+000
    outer loop
      vertex -3.678879e+000  4.088502e+000  8.264527e-002
      vertex -2.085501e+000  3.817484e+000  8.264527e-002
      vertex -1.569378e+000  4.057037e+000  8.264527e-002
    endloop
  endfacet
  facet normal  0.000000e+000  -0.000000e+000  1.000000e+000
    outer loop
      vertex -3.678879e+000  4.088502e+000  8.264527e-002
      vertex -1.569378e+000  4.057037e+000  8.264527e-002
      vertex -1.026402e+000  4.227174e+000  8.264527e-002
    endloop
  endfacet
  facet normal  0.000000e+000  0.000000e+000  1.000000e+000
    outer loop
      vertex -2.565941e+000  3.512613e+000  8.264527e-002
      vertex -4.128650e+000  3.633766e+000  8.264527e-002
      vertex -3.002477e+000  3.147639e+000  8.264527e-002
    endloop
  endfacet
  facet normal  0.000000e+000  0.000000e+000  1.000000e+000
    outer loop
      vertex -3.002477e+000  3.147639e+000  8.264527e-002
      vertex -4.128650e+000  3.633766e+000  8.264527e-002
      vertex -4.522588e+000  3.129889e+000  8.264527e-002
    endloop
  endfacet
  facet normal  -0.000000e+000  0.000000e+000  1.000000e+000
    outer loop
      vertex -3.002477e+000  3.147639e+000  8.264527e-002
      vertex -4.522588e+000  3.129889e+000  8.264527e-002
      vertex -3.387640e+000  2.728809e+000  8.264527e-002
    endloop
  endfacet
  facet normal  0.000000e+000  0.000000e+000  1.000000e+000
    outer loop
      vertex -3.387640e+000  2.728809e+000  8.264527e-002
      vertex -4.522588e+000  3.129889e+000  8.264527e-002
      vertex -4.855365e+000  2.583685e+000  8.264527e-002
    endloop
  endfacet
  facet normal  -0.000000e+000  0.000000e+000  1.000000e+000
    outer loop
      vertex -3.387640e+000  2.728809e+000  8.264527e-002
      vertex -4.855365e+000  2.583685e+000  8.264527e-002
      vertex -3.714839e+000  2.263288e+000  8.264527e-002
    endloop
  endfacet
  facet normal  0.000000e+000  0.000000e+000  9.999999e-001
    outer loop
      vertex -3.714839e+000  2.263288e+000  8.264527e-002
      vertex -4.855365e+000  2.583685e+000  8.264527e-002
      vertex -5.122483e+000  2.002542e+000  8.264527e-002
    endloop
  endfacet
  facet normal  -0.000000e+000  0.000000e+000  1.000000e+000
    outer loop
      vertex -3.714839e+000  2.263288e+000  8.264527e-002
      vertex -5.122483e+000  2.002542e+000  8.264527e-002
      vertex -3.978476e+000  1.759041e+000  8.264527e-002
    endloop
  endfacet
  facet normal  0.000000e+000  0.000000e+000  1.000000e+000
    outer loop
      vertex -3.978476e+000  1.759041e+000  8.264527e-002
      vertex -5.122483e+000  2.002542e+000  8.264527e-002
      vertex -4.174041e+000  1.224697e+000  8.264527e-002
    endloop
  endfacet
  facet normal  0.000000e+000  0.000000e+000  1.000000e+000
    outer loop
      vertex -4.174041e+000  1.224697e+000  8.264527e-002
      vertex -5.122483e+000  2.002542e+000  8.264527e-002
      vertex -5.320327e+000  1.394317e+000  8.264527e-002
    endloop
  endfacet
  facet normal  0.000000e+000  0.000000e+000  1.000000e+000
    outer loop
      vertex -4.174041e+000  1.224697e+000  8.264527e-002
      vertex -5.320327e+000  1.394317e+000  8.264527e-002
      vertex -4.298186e+000  6.693978e-001  8.264527e-002
    endloop
  endfacet
  facet normal  0.000000e+000  0.000000e+000  1.000000e+000
    outer loop
      vertex -4.298186e+000  6.693978e-001  8.264527e-002
      vertex -5.320327e+000  1.394317e+000  8.264527e-002
      vertex -5.446223e+000  7.672369e-001  8.264527e-002
    endloop
  endfacet
  facet normal  0.000000e+000  0.000000e+000  1.000000e+000
    outer loop
      vertex -4.298186e+000  6.693978e-001  8.264527e-002
      vertex -5.446223e+000  7.672369e-001  8.264527e-002
      vertex -4.348789e+000  1.026451e-001  8.264527e-002
    endloop
  endfacet
  facet normal  0.000000e+000  0.000000e+000  1.000000e+000
    outer loop
      vertex -4.348789e+000  1.026451e-001  8.264527e-002
      vertex -5.446223e+000  7.672369e-001  8.264527e-002
      vertex -5.498468e+000  1.297812e-001  8.264527e-002
    endloop
  endfacet
  facet normal  0.000000e+000  0.000000e+000  1.000000e+000
    outer loop
      vertex -4.348789e+000  1.026451e-001  8.264527e-002
      vertex -5.498468e+000  1.297812e-001  8.264527e-002
      vertex -4.324982e+000 -4.658639e-001  8.264527e-002
    endloop
  endfacet
  facet normal  0.000000e+000  0.000000e+000  1.000000e+000
    outer loop
      vertex -4.324982e+000 -4.658639e-001  8.264527e-002
      vertex -5.498468e+000  1.297812e-001  8.264527e-002
      vertex -5.476357e+000 -5.094296e-001  8.264527e-002
    endloop
  endfacet
  facet normal  -0.000000e+000  0.000000e+000  1.000000e+000
    outer loop
      vertex -4.324982e+000 -4.658639e-001  8.264527e-002
      vertex -5.476357e+000 -5.094296e-001  8.264527e-002
      vertex -4.227174e+000 -1.026402e+000  8.264527e-002
    endloop
  endfacet
  facet normal  0.000000e+000  0.000000e+000  1.000000e+000
    outer loop
      vertex -4.227174e+000 -1.026402e+000  8.264527e-002
      vertex -5.476357e+000 -5.094296e-001  8.264527e-002
      vertex -5.380186e+000 -1.141751e+000  8.264527e-002
    endloop
  endfacet
  facet normal  -0.000000e+000  0.000000e+000  1.000000e+000
    outer loop
      vertex -4.227174e+000 -1.026402e+000  8.264527e-002
      vertex -5.380186e+000 -1.141751e+000  8.264527e-002
      vertex -4.057037e+000 -1.569378e+000  8.264527e-002
    endloop
  endfacet
  facet normal  0.000000e+000  0.000000e+000  9.999999e-001
    outer loop
      vertex -4.057037e+000 -1.569378e+000  8.264527e-002
      vertex -5.380186e+000 -1.141751e+000  8.264527e-002
      vertex -5.211258e+000 -1.758633e+000  8.264527e-002
    endloop
  endfacet
  facet normal  -0.000000e+000  0.000000e+000  1.000000e+000
    outer loop
      vertex -4.057037e+000 -1.569378e+000  8.264527e-002
      vertex -5.211258e+000 -1.758633e+000  8.264527e-002
      vertex -3.817484e+000 -2.085501e+000  8.264527e-002
    endloop
  endfacet
  facet normal  0.000000e+000  0.000000e+000  1.000000e+000
    outer loop
      vertex -3.817484e+000 -2.085501e+000  8.264527e-002
      vertex -5.211258e+000 -1.758633e+000  8.264527e-002
      vertex -4.971857e+000 -2.351732e+000  8.264527e-002
    endloop
  endfacet
  facet normal  -0.000000e+000  0.000000e+000  1.000000e+000
    outer loop
      vertex -3.817484e+000 -2.085501e+000  8.264527e-002
      vertex -4.971857e+000 -2.351732e+000  8.264527e-002
      vertex -3.512613e+000 -2.565941e+000  8.264527e-002
    endloop
  endfacet
  facet normal  0.000000e+000  0.000000e+000  1.000000e+000
    outer loop
      vertex -3.512613e+000 -2.565941e+000  8.264527e-002
      vertex -4.971857e+000 -2.351732e+000  8.264527e-002
      vertex -3.147639e+000 -3.002477e+000  8.264527e-002
    endloop
  endfacet
  facet normal  0.000000e+000  0.000000e+000  1.000000e+000
    outer loop
      vertex -3.147639e+000 -3.002477e+000  8.264527e-002
      vertex -4.971857e+000 -2.351732e+000  8.264527e-002
      vertex -4.665219e+000 -2.913027e+000  8.264527e-002
    endloop
  endfacet
  facet normal  0.000000e+000  0.000000e+000  1.000000e+000
    outer loop
      vertex -3.147639e+000 -3.002477e+000  8.264527e-002
      vertex -4.665219e+000 -2.913027e+000  8.264527e-002
      vertex -2.728809e+000 -3.387640e+000  8.264527e-002
    endloop
  endfacet
  facet normal  0.000000e+000  0.000000e+000  1.000000e+000
    outer loop
      vertex -2.728809e+000 -3.387640e+000  8.264527e-002
      vertex -4.665219e+000 -2.913027e+000  8.264527e-002
      vertex -4.295493e+000 -3.434929e+000  8.264527e-002
    endloop
  endfacet
  facet normal  -0.000000e+000  0.000000e+000  1.000000e+000
    outer loop
      vertex -2.728809e+000 -3.387640e+000  8.264527e-002
      vertex -4.295493e+000 -3.434929e+000  8.264527e-002
      vertex -2.263288e+000 -3.714839e+000  8.264527e-002
    endloop
  endfacet
  facet normal  0.000000e+000  0.000000e+000  1.000000e+000
    outer loop
      vertex -2.263288e+000 -3.714839e+000  8.264527e-002
      vertex -4.295493e+000 -3.434929e+000  8.264527e-002
      vertex -3.867677e+000 -3.910380e+000  8.264527e-002
    endloop
  endfacet
  facet normal  -0.000000e+000  0.000000e+000  1.000000e+000
    outer loop
      vertex -2.263288e+000 -3.714839e+000  8.264527e-002
      vertex -3.867677e+000 -3.910380e+000  8.264527e-002
      vertex -1.759041e+000 -3.978476e+000  8.264527e-002
    endloop
  endfacet
  facet normal  -0.000000e+000  0.000000e+000  9.999999e-001
    outer loop
      vertex  3.387558e+000  4.332949e+000  8.264527e-002
      vertex  6.693978e-001  4.298186e+000  8.264527e-002
      vertex  3.867677e+000  3.910380e+000  8.264527e-002
    endloop
  endfacet
  facet normal  0.000000e+000  0.000000e+000  9.999999e-001
    outer loop
      vertex  3.867677e+000  3.910380e+000  8.264527e-002
      vertex  6.693978e-001  4.298186e+000  8.264527e-002
      vertex  1.224697e+000  4.174041e+000  8.264527e-002
    endloop
  endfacet
  facet normal  0.000000e+000  0.000000e+000  1.000000e+000
    outer loop
      vertex  3.867677e+000  3.910380e+000  8.264527e-002
      vertex  1.224697e+000  4.174041e+000  8.264527e-002
      vertex  1.759041e+000  3.978476e+000  8.264527e-002
    endloop
  endfacet
  facet normal  0.000000e+000  0.000000e+000  1.000000e+000
    outer loop
      vertex  3.867677e+000  3.910380e+000  8.264527e-002
      vertex  1.759041e+000  3.978476e+000  8.264527e-002
      vertex  4.295493e+000  3.434929e+000  8.264527e-002
    endloop
  endfacet
  facet normal  0.000000e+000  0.000000e+000  9.999999e-001
    outer loop
      vertex  4.295493e+000  3.434929e+000  8.264527e-002
      vertex  1.759041e+000  3.978476e+000  8.264527e-002
      vertex  2.263288e+000  3.714839e+000  8.264527e-002
    endloop
  endfacet
  facet normal  0.000000e+000  0.000000e+000  1.000000e+000
    outer loop
      vertex  4.295493e+000  3.434929e+000  8.264527e-002
      vertex  2.263288e+000  3.714839e+000  8.264527e-002
      vertex  2.728809e+000  3.387640e+000  8.264527e-002
    endloop
  endfacet
  facet normal  -0.000000e+000  0.000000e+000  1.000000e+000
    outer loop
      vertex  4.295493e+000  3.434929e+000  8.264527e-002
      vertex  2.728809e+000  3.387640e+000  8.264527e-002
      vertex  4.665219e+000  2.913027e+000  8.264527e-002
    endloop
  endfacet
  facet normal  0.000000e+000  0.000000e+000  1.000000e+000
    outer loop
      vertex  4.665219e+000  2.913027e+000  8.264527e-002
      vertex  2.728809e+000  3.387640e+000  8.264527e-002
      vertex  3.147639e+000  3.002477e+000  8.264527e-002
    endloop
  endfacet
  facet normal  0.000000e+000  0.000000e+000  1.000000e+000
    outer loop
      vertex  4.665219e+000  2.913027e+000  8.264527e-002
      vertex  3.147639e+000  3.002477e+000  8.264527e-002
      vertex  4.971857e+000  2.351732e+000  8.264527e-002
    endloop
  endfacet
  facet normal  0.000000e+000  0.000000e+000  1.000000e+000
    outer loop
      vertex  4.971857e+000  2.351732e+000  8.264527e-002
      vertex  3.147639e+000  3.002477e+000  8.264527e-002
      vertex  3.512613e+000  2.565941e+000  8.264527e-002
    endloop
  endfacet
  facet normal  0.000000e+000  0.000000e+000  1.000000e+000
    outer loop
      vertex  4.971857e+000  2.351732e+000  8.264527e-002
      vertex  3.512613e+000  2.565941e+000  8.264527e-002
      vertex  5.211258e+000  1.758633e+000  8.264527e-002
    endloop
  endfacet
  facet normal  0.000000e+000  0.000000e+000  1.000000e+000
    outer loop
      vertex  5.211258e+000  1.758633e+000  8.264527e-002
      vertex  3.512613e+000  2.565941e+000  8.264527e-002
      vertex  3.817484e+000  2.085501e+000  8.264527e-002
    endloop
  endfacet
  facet normal  0.000000e+000  0.000000e+000  1.000000e+000
    outer loop
      vertex  5.211258e+000  1.758633e+000  8.264527e-002
      vertex  3.817484e+000  2.085501e+000  8.264527e-002
      vertex  4.057037e+000  1.569378e+000  8.264527e-002
    endloop
  endfacet
  facet normal  -0.000000e+000  0.000000e+000  9.999999e-001
    outer loop
      vertex  5.211258e+000  1.758633e+000  8.264527e-002
      vertex  4.057037e+000  1.569378e+000  8.264527e-002
      vertex  5.380186e+000  1.141751e+000  8.264527e-002
    endloop
  endfacet
  facet normal  0.000000e+000  0.000000e+000  1.000000e+000
    outer loop
      vertex  5.380186e+000  1.141751e+000  8.264527e-002
      vertex  4.057037e+000  1.569378e+000  8.264527e-002
      vertex  4.227174e+000  1.026402e+000  8.264527e-002
    endloop
  endfacet
  facet normal  -0.000000e+000  0.000000e+000  1.000000e+000
    outer loop
      vertex  5.380186e+000  1.141751e+000  8.264527e-002
      vertex  4.227174e+000  1.026402e+000  8.264527e-002
      vertex  5.476357e+000  5.094296e-001  8.264527e-002
    endloop
  endfacet
  facet normal  0.000000e+000  0.000000e+000  1.000000e+000
    outer loop
      vertex  5.476357e+000  5.094296e-001  8.264527e-002
      vertex  4.227174e+000  1.026402e+000  8.264527e-002
      vertex  4.324982e+000  4.658639e-001  8.264527e-002
    endloop
  endfacet
  facet normal  -0.000000e+000  0.000000e+000  1.000000e+000
    outer loop
      vertex  5.476357e+000  5.094296e-001  8.264527e-002
      vertex  4.324982e+000  4.658639e-001  8.264527e-002
      vertex  5.498468e+000 -1.297812e-001  8.264527e-002
    endloop
  endfacet
  facet normal  0.000000e+000  0.000000e+000  1.000000e+000
    outer loop
      vertex  5.498468e+000 -1.297812e-001  8.264527e-002
      vertex  4.324982e+000  4.658639e-001  8.264527e-002
      vertex  4.348789e+000 -1.026451e-001  8.264527e-002
    endloop
  endfacet
  facet normal  0.000000e+000  0.000000e+000  1.000000e+000
    outer loop
      vertex  5.498468e+000 -1.297812e-001  8.264527e-002
      vertex  4.348789e+000 -1.026451e-001  8.264527e-002
      vertex  5.446223e+000 -7.672369e-001  8.264527e-002
    endloop
  endfacet
  facet normal  0.000000e+000  0.000000e+000  1.000000e+000
    outer loop
      vertex  5.446223e+000 -7.672369e-001  8.264527e-002
      vertex  4.348789e+000 -1.026451e-001  8.264527e-002
      vertex  4.298186e+000 -6.693978e-001  8.264527e-002
    endloop
  endfacet
  facet normal  0.000000e+000  0.000000e+000  1.000000e+000
    outer loop
      vertex  5.446223e+000 -7.672369e-001  8.264527e-002
      vertex  4.298186e+000 -6.693978e-001  8.264527e-002
      vertex  5.320327e+000 -1.394317e+000  8.264527e-002
    endloop
  endfacet
  facet normal  0.000000e+000  0.000000e+000  1.000000e+000
    outer loop
      vertex  5.320327e+000 -1.394317e+000  8.264527e-002
      vertex  4.298186e+000 -6.693978e-001  8.264527e-002
      vertex  4.174041e+000 -1.224697e+000  8.264527e-002
    endloop
  endfacet
  facet normal  0.000000e+000  0.000000e+000  1.000000e+000
    outer loop
      vertex  5.320327e+000 -1.394317e+000  8.264527e-002
      vertex  4.174041e+000 -1.224697e+000  8.264527e-002
      vertex  5.122483e+000 -2.002542e+000  8.264527e-002
    endloop
  endfacet
  facet normal  0.000000e+000  0.000000e+000  1.000000e+000
    outer loop
      vertex  5.122483e+000 -2.002542e+000  8.264527e-002
      vertex  4.174041e+000 -1.224697e+000  8.264527e-002
      vertex  3.978476e+000 -1.759041e+000  8.264527e-002
    endloop
  endfacet
  facet normal  0.000000e+000  0.000000e+000  9.999999e-001
    outer loop
      vertex  5.122483e+000 -2.002542e+000  8.264527e-002
      vertex  3.978476e+000 -1.759041e+000  8.264527e-002
      vertex  4.855365e+000 -2.583685e+000  8.264527e-002
    endloop
  endfacet
  facet normal  0.000000e+000  0.000000e+000  1.000000e+000
    outer loop
      vertex  4.855365e+000 -2.583685e+000  8.264527e-002
      vertex  3.978476e+000 -1.759041e+000  8.264527e-002
      vertex  3.714839e+000 -2.263288e+000  8.264527e-002
    endloop
  endfacet
  facet normal  0.000000e+000  0.000000e+000  1.000000e+000
    outer loop
      vertex  4.855365e+000 -2.583685e+000  8.264527e-002
      vertex  3.714839e+000 -2.263288e+000  8.264527e-002
      vertex  3.387640e+000 -2.728809e+000  8.264527e-002
    endloop
  endfacet
  facet normal  -0.000000e+000  0.000000e+000  1.000000e+000
    outer loop
      vertex  4.855365e+000 -2.583685e+000  8.264527e-002
      vertex  3.387640e+000 -2.728809e+000  8.264527e-002
      vertex  4.522588e+000 -3.129889e+000  8.264527e-002
    endloop
  endfacet
  facet normal  0.000000e+000  0.000000e+000  1.000000e+000
    outer loop
      vertex  4.522588e+000 -3.129889e+000  8.264527e-002
      vertex  3.387640e+000 -2.728809e+000  8.264527e-002
      vertex  3.002477e+000 -3.147639e+000  8.264527e-002
    endloop
  endfacet
  facet normal  -0.000000e+000  0.000000e+000  1.000000e+000
    outer loop
      vertex  4.522588e+000 -3.129889e+000  8.264527e-002
      vertex  3.002477e+000 -3.147639e+000  8.264527e-002
      vertex  4.128650e+000 -3.633766e+000  8.264527e-002
    endloop
  endfacet
  facet normal  0.000000e+000  0.000000e+000  1.000000e+000
    outer loop
      vertex  4.128650e+000 -3.633766e+000  8.264527e-002
      vertex  3.002477e+000 -3.147639e+000  8.264527e-002
      vertex  2.565941e+000 -3.512613e+000  8.264527e-002
    endloop
  endfacet
  facet normal  0.000000e+000  0.000000e+000  1.000000e+000
    outer loop
      vertex  4.128650e+000 -3.633766e+000  8.264527e-002
      vertex  2.565941e+000 -3.512613e+000  8.264527e-002
      vertex  3.678879e+000 -4.088502e+000  8.264527e-002
    endloop
  endfacet
  facet normal  0.000000e+000  0.000000e+000  1.000000e+000
    outer loop
      vertex  3.678879e+000 -4.088502e+000  8.264527e-002
      vertex  2.565941e+000 -3.512613e+000  8.264527e-002
      vertex  2.085501e+000 -3.817484e+000  8.264527e-002
    endloop
  endfacet
  facet normal  0.000000e+000  0.000000e+000  1.000000e+000
    outer loop
      vertex  3.678879e+000 -4.088502e+000  8.264527e-002
      vertex  2.085501e+000 -3.817484e+000  8.264527e-002
      vertex  1.569378e+000 -4.057037e+000  8.264527e-002
    endloop
  endfacet
  facet normal  0.000000e+000  0.000000e+000  1.000000e+000
    outer loop
      vertex  1.026402e+000 -4.227174e+000  8.264527e-002
      vertex  3.179357e+000 -4.487949e+000  8.264527e-002
      vertex  1.569378e+000 -4.057037e+000  8.264527e-002
    endloop
  endfacet
  facet normal  0.000000e+000  0.000000e+000  9.999999e-001
    outer loop
      vertex  1.569378e+000 -4.057037e+000  8.264527e-002
      vertex  3.179357e+000 -4.487949e+000  8.264527e-002
      vertex  3.678879e+000 -4.088502e+000  8.264527e-002
    endloop
  endfacet
  facet normal  0.000000e+000  0.000000e+000 -1.000000e+000
    outer loop
      vertex -1.457397e+000  3.832231e+000 -5.200000e+001
      vertex -4.128650e+000  3.633766e+000 -5.200000e+001
      vertex -9.220006e-001  3.994986e+000 -5.200000e+001
    endloop
  endfacet
  facet normal  0.000000e+000  0.000000e+000 -1.000000e+000
    outer loop
      vertex -4.128650e+000  3.633766e+000 -5.200000e+001
      vertex -1.457397e+000  3.832231e+000 -5.200000e+001
      vertex -1.965645e+000  3.598089e+000 -5.200000e+001
    endloop
  endfacet
  facet normal  0.000000e+000  0.000000e+000 -1.000000e+000
    outer loop
      vertex  4.295493e+000  3.434929e+000 -5.200000e+001
      vertex  2.290365e+000  3.400622e+000 -5.200000e+001
      vertex  1.805981e+000  3.680819e+000 -5.200000e+001
    endloop
  endfacet
  facet normal  0.000000e+000  0.000000e+000 -1.000000e+000
    outer loop
      vertex -3.387558e+000 -4.332949e+000 -5.200000e+001
      vertex -4.492692e-001 -5.481620e+000 -5.200000e+001
      vertex -1.082609e+000 -5.392398e+000 -5.200000e+001
    endloop
  endfacet
  facet normal  0.000000e+000  0.000000e+000 -1.000000e+000
    outer loop
      vertex -3.387558e+000 -4.332949e+000 -5.200000e+001
      vertex -1.082609e+000 -5.392398e+000 -5.200000e+001
      vertex -1.701308e+000 -5.230254e+000 -5.200000e+001
    endloop
  endfacet
  facet normal  0.000000e+000  0.000000e+000 -1.000000e+000
    outer loop
      vertex -3.387558e+000 -4.332949e+000 -5.200000e+001
      vertex -1.701308e+000 -5.230254e+000 -5.200000e+001
      vertex -2.296999e+000 -4.997379e+000 -5.200000e+001
    endloop
  endfacet
  facet normal  0.000000e+000  0.000000e+000 -1.000000e+000
    outer loop
      vertex -3.387558e+000 -4.332949e+000 -5.200000e+001
      vertex -2.296999e+000 -4.997379e+000 -5.200000e+001
      vertex -2.861628e+000 -4.696923e+000 -5.200000e+001
    endloop
  endfacet
  facet normal  0.000000e+000  -0.000000e+000 -1.000000e+000
    outer loop
      vertex  3.694292e-001 -4.083323e+000 -5.200000e+001
      vertex  9.220006e-001 -3.994986e+000 -5.200000e+001
      vertex  3.678879e+000 -4.088502e+000 -5.200000e+001
    endloop
  endfacet
  facet normal  -0.000000e+000  0.000000e+000 -1.000000e+000
    outer loop
      vertex  3.694292e-001 -4.083323e+000 -5.200000e+001
      vertex  3.678879e+000 -4.088502e+000 -5.200000e+001
      vertex  3.179357e+000 -4.487949e+000 -5.200000e+001
    endloop
  endfacet
  facet normal  -0.000000e+000  0.000000e+000 -1.000000e+000
    outer loop
      vertex  3.694292e-001 -4.083323e+000 -5.200000e+001
      vertex  3.179357e+000 -4.487949e+000 -5.200000e+001
      vertex  2.636840e+000 -4.826704e+000 -5.200000e+001
    endloop
  endfacet
  facet normal  -0.000000e+000  0.000000e+000 -1.000000e+000
    outer loop
      vertex  3.694292e-001 -4.083323e+000 -5.200000e+001
      vertex  2.636840e+000 -4.826704e+000 -5.200000e+001
      vertex  2.058665e+000 -5.100186e+000 -5.200000e+001
    endloop
  endfacet
  facet normal  -0.000000e+000  0.000000e+000 -1.000000e+000
    outer loop
      vertex  3.694292e-001 -4.083323e+000 -5.200000e+001
      vertex  2.058665e+000 -5.100186e+000 -5.200000e+001
      vertex  1.452649e+000 -5.304697e+000 -5.200000e+001
    endloop
  endfacet
  facet normal  -0.000000e+000  0.000000e+000 -1.000000e+000
    outer loop
      vertex  3.694292e-001 -4.083323e+000 -5.200000e+001
      vertex  1.452649e+000 -5.304697e+000 -5.200000e+001
      vertex  8.269895e-001 -5.437471e+000 -5.200000e+001
    endloop
  endfacet
  facet normal  0.000000e+000  -0.000000e+000 -1.000000e+000
    outer loop
      vertex -3.678879e+000  4.088502e+000 -5.200000e+001
      vertex -3.179357e+000  4.487949e+000 -5.200000e+001
      vertex -2.636840e+000  4.826704e+000 -5.200000e+001
    endloop
  endfacet
  facet normal  0.000000e+000  -0.000000e+000 -1.000000e+000
    outer loop
      vertex -3.678879e+000  4.088502e+000 -5.200000e+001
      vertex -2.636840e+000  4.826704e+000 -5.200000e+001
      vertex -2.058665e+000  5.100186e+000 -5.200000e+001
    endloop
  endfacet
  facet normal  0.000000e+000  -0.000000e+000 -1.000000e+000
    outer loop
      vertex -3.678879e+000  4.088502e+000 -5.200000e+001
      vertex -2.058665e+000  5.100186e+000 -5.200000e+001
      vertex -1.452649e+000  5.304697e+000 -5.200000e+001
    endloop
  endfacet
  facet normal  0.000000e+000  -0.000000e+000 -1.000000e+000
    outer loop
      vertex -3.678879e+000  4.088502e+000 -5.200000e+001
      vertex -1.452649e+000  5.304697e+000 -5.200000e+001
      vertex -8.269895e-001  5.437471e+000 -5.200000e+001
    endloop
  endfacet
  facet normal  0.000000e+000  -0.000000e+000 -1.000000e+000
    outer loop
      vertex -3.678879e+000  4.088502e+000 -5.200000e+001
      vertex -8.269895e-001  5.437471e+000 -5.200000e+001
      vertex -3.694292e-001  4.083323e+000 -5.200000e+001
    endloop
  endfacet
  facet normal  -0.000000e+000  0.000000e+000 -1.000000e+000
    outer loop
      vertex -3.678879e+000  4.088502e+000 -5.200000e+001
      vertex -3.694292e-001  4.083323e+000 -5.200000e+001
      vertex -9.220006e-001  3.994986e+000 -5.200000e+001
    endloop
  endfacet
  facet normal  -0.000000e+000  0.000000e+000 -1.000000e+000
    outer loop
      vertex -3.678879e+000  4.088502e+000 -5.200000e+001
      vertex -9.220006e-001  3.994986e+000 -5.200000e+001
      vertex -4.128650e+000  3.633766e+000 -5.200000e+001
    endloop
  endfacet
  facet normal  0.000000e+000  0.000000e+000 -1.000000e+000
    outer loop
      vertex  1.900241e-001  4.095594e+000 -5.200000e+001
      vertex -3.694292e-001  4.083323e+000 -5.200000e+001
      vertex -8.269895e-001  5.437471e+000 -5.200000e+001
    endloop
  endfacet
  facet normal  0.000000e+000  0.000000e+000 -9.999999e-001
    outer loop
      vertex  1.900241e-001  4.095594e+000 -5.200000e+001
      vertex -8.269895e-001  5.437471e+000 -5.200000e+001
      vertex -1.901459e-001  5.496712e+000 -5.200000e+001
    endloop
  endfacet
  facet normal  0.000000e+000  0.000000e+000 -1.000000e+000
    outer loop
      vertex  1.900241e-001  4.095594e+000 -5.200000e+001
      vertex -1.901459e-001  5.496712e+000 -5.200000e+001
      vertex  4.492692e-001  5.481620e+000 -5.200000e+001
    endloop
  endfacet
  facet normal  0.000000e+000  -0.000000e+000 -1.000000e+000
    outer loop
      vertex  1.900241e-001  4.095594e+000 -5.200000e+001
      vertex  4.492692e-001  5.481620e+000 -5.200000e+001
      vertex  1.082609e+000  5.392398e+000 -5.200000e+001
    endloop
  endfacet
  facet normal  0.000000e+000  -0.000000e+000 -1.000000e+000
    outer loop
      vertex  1.900241e-001  4.095594e+000 -5.200000e+001
      vertex  1.082609e+000  5.392398e+000 -5.200000e+001
      vertex  1.701308e+000  5.230254e+000 -5.200000e+001
    endloop
  endfacet
  facet normal  0.000000e+000  -0.000000e+000 -1.000000e+000
    outer loop
      vertex  1.900241e-001  4.095594e+000 -5.200000e+001
      vertex  1.701308e+000  5.230254e+000 -5.200000e+001
      vertex  2.296999e+000  4.997379e+000 -5.200000e+001
    endloop
  endfacet
  facet normal  0.000000e+000  -0.000000e+000 -1.000000e+000
    outer loop
      vertex  1.900241e-001  4.095594e+000 -5.200000e+001
      vertex  2.296999e+000  4.997379e+000 -5.200000e+001
      vertex  2.861628e+000  4.696923e+000 -5.200000e+001
    endloop
  endfacet
  facet normal  0.000000e+000  -0.000000e+000 -1.000000e+000
    outer loop
      vertex  1.900241e-001  4.095594e+000 -5.200000e+001
      vertex  2.861628e+000  4.696923e+000 -5.200000e+001
      vertex  3.387558e+000  4.332949e+000 -5.200000e+001
    endloop
  endfacet
  facet normal  0.000000e+000  -0.000000e+000 -1.000000e+000
    outer loop
      vertex  1.900241e-001  4.095594e+000 -5.200000e+001
      vertex  3.387558e+000  4.332949e+000 -5.200000e+001
      vertex  3.867677e+000  3.910380e+000 -5.200000e+001
    endloop
  endfacet
  facet normal  0.000000e+000  0.000000e+000 -1.000000e+000
    outer loop
      vertex  1.900241e-001  4.095594e+000 -5.200000e+001
      vertex  3.867677e+000  3.910380e+000 -5.200000e+001
      vertex  7.459375e-001  4.031572e+000 -5.200000e+001
    endloop
  endfacet
  facet normal  0.000000e+000  0.000000e+000 -1.000000e+000
    outer loop
      vertex  8.269895e-001 -5.437471e+000 -5.200000e+001
      vertex  1.901459e-001 -5.496712e+000 -5.200000e+001
      vertex  3.694292e-001 -4.083323e+000 -5.200000e+001
    endloop
  endfacet
  facet normal  0.000000e+000  0.000000e+000 -9.999999e-001
    outer loop
      vertex  3.694292e-001 -4.083323e+000 -5.200000e+001
      vertex  1.901459e-001 -5.496712e+000 -5.200000e+001
      vertex -1.900241e-001 -4.095594e+000 -5.200000e+001
    endloop
  endfacet
  facet normal  0.000000e+000  0.000000e+000 -1.000000e+000
    outer loop
      vertex  1.901459e-001 -5.496712e+000 -5.200000e+001
      vertex -4.492692e-001 -5.481620e+000 -5.200000e+001
      vertex -1.900241e-001 -4.095594e+000 -5.200000e+001
    endloop
  endfacet
  facet normal  0.000000e+000  0.000000e+000 -1.000000e+000
    outer loop
      vertex -1.900241e-001 -4.095594e+000 -5.200000e+001
      vertex -4.492692e-001 -5.481620e+000 -5.200000e+001
      vertex -3.387558e+000 -4.332949e+000 -5.200000e+001
    endloop
  endfacet
  facet normal  0.000000e+000  0.000000e+000 -1.000000e+000
    outer loop
      vertex -3.236394e+000  2.517092e+000 -5.200000e+001
      vertex -4.855365e+000  2.583685e+000 -5.200000e+001
      vertex -2.863506e+000  2.934337e+000 -5.200000e+001
    endloop
  endfacet
  facet normal  -0.000000e+000  0.000000e+000 -1.000000e+000
    outer loop
      vertex -2.863506e+000  2.934337e+000 -5.200000e+001
      vertex -4.855365e+000  2.583685e+000 -5.200000e+001
      vertex -4.522588e+000  3.129889e+000 -5.200000e+001
    endloop
  endfacet
  facet normal  0.000000e+000  0.000000e+000 -1.000000e+000
    outer loop
      vertex -2.863506e+000  2.934337e+000 -5.200000e+001
      vertex -4.522588e+000  3.129889e+000 -5.200000e+001
      vertex -2.437276e+000  3.296921e+000 -5.200000e+001
    endloop
  endfacet
  facet normal  -0.000000e+000  0.000000e+000 -9.999999e-001
    outer loop
      vertex -2.437276e+000  3.296921e+000 -5.200000e+001
      vertex -4.522588e+000  3.129889e+000 -5.200000e+001
      vertex -4.128650e+000  3.633766e+000 -5.200000e+001
    endloop
  endfacet
  facet normal  0.000000e+000  0.000000e+000 -9.999999e-001
    outer loop
      vertex -2.437276e+000  3.296921e+000 -5.200000e+001
      vertex -4.128650e+000  3.633766e+000 -5.200000e+001
      vertex -1.965645e+000  3.598089e+000 -5.200000e+001
    endloop
  endfacet
  facet normal  0.000000e+000  0.000000e+000 -1.000000e+000
    outer loop
      vertex -4.099014e+000 -8.991216e-002 -5.200000e+001
      vertex -5.498468e+000  1.297812e-001 -5.200000e+001
      vertex -4.073079e+000  4.690743e-001 -5.200000e+001
    endloop
  endfacet
  facet normal  -0.000000e+000  0.000000e+000 -1.000000e+000
    outer loop
      vertex -4.073079e+000  4.690743e-001 -5.200000e+001
      vertex -5.498468e+000  1.297812e-001 -5.200000e+001
      vertex -5.446223e+000  7.672369e-001 -5.200000e+001
    endloop
  endfacet
  facet normal  0.000000e+000  0.000000e+000 -1.000000e+000
    outer loop
      vertex -4.073079e+000  4.690743e-001 -5.200000e+001
      vertex -5.446223e+000  7.672369e-001 -5.200000e+001
      vertex -3.971269e+000  1.019323e+000 -5.200000e+001
    endloop
  endfacet
  facet normal  -0.000000e+000  0.000000e+000 -1.000000e+000
    outer loop
      vertex -3.971269e+000  1.019323e+000 -5.200000e+001
      vertex -5.446223e+000  7.672369e-001 -5.200000e+001
      vertex -5.320327e+000  1.394317e+000 -5.200000e+001
    endloop
  endfacet
  facet normal  0.000000e+000  0.000000e+000 -1.000000e+000
    outer loop
      vertex -3.971269e+000  1.019323e+000 -5.200000e+001
      vertex -5.320327e+000  1.394317e+000 -5.200000e+001
      vertex -3.795483e+000  1.550583e+000 -5.200000e+001
    endloop
  endfacet
  facet normal  -0.000000e+000  0.000000e+000 -1.000000e+000
    outer loop
      vertex -3.795483e+000  1.550583e+000 -5.200000e+001
      vertex -5.320327e+000  1.394317e+000 -5.200000e+001
      vertex -5.122483e+000  2.002542e+000 -5.200000e+001
    endloop
  endfacet
  facet normal  0.000000e+000  0.000000e+000 -1.000000e+000
    outer loop
      vertex -3.795483e+000  1.550583e+000 -5.200000e+001
      vertex -5.122483e+000  2.002542e+000 -5.200000e+001
      vertex -3.548994e+000  2.052959e+000 -5.200000e+001
    endloop
  endfacet
  facet normal  -0.000000e+000  0.000000e+000 -1.000000e+000
    outer loop
      vertex -3.548994e+000  2.052959e+000 -5.200000e+001
      vertex -5.122483e+000  2.002542e+000 -5.200000e+001
      vertex -4.855365e+000  2.583685e+000 -5.200000e+001
    endloop
  endfacet
  facet normal  0.000000e+000  0.000000e+000 -1.000000e+000
    outer loop
      vertex -3.548994e+000  2.052959e+000 -5.200000e+001
      vertex -4.855365e+000  2.583685e+000 -5.200000e+001
      vertex -3.236394e+000  2.517092e+000 -5.200000e+001
    endloop
  endfacet
  facet normal  0.000000e+000  0.000000e+000 -1.000000e+000
    outer loop
      vertex -2.732084e+000 -3.057077e+000 -5.200000e+001
      vertex -4.665219e+000 -2.913027e+000 -5.200000e+001
      vertex -3.122909e+000 -2.656584e+000 -5.200000e+001
    endloop
  endfacet
  facet normal  -0.000000e+000  0.000000e+000 -1.000000e+000
    outer loop
      vertex -3.122909e+000 -2.656584e+000 -5.200000e+001
      vertex -4.665219e+000 -2.913027e+000 -5.200000e+001
      vertex -4.971857e+000 -2.351732e+000 -5.200000e+001
    endloop
  endfacet
  facet normal  0.000000e+000  0.000000e+000 -1.000000e+000
    outer loop
      vertex -3.122909e+000 -2.656584e+000 -5.200000e+001
      vertex -4.971857e+000 -2.351732e+000 -5.200000e+001
      vertex -3.455560e+000 -2.206604e+000 -5.200000e+001
    endloop
  endfacet
  facet normal  -0.000000e+000  0.000000e+000 -9.999999e-001
    outer loop
      vertex -3.455560e+000 -2.206604e+000 -5.200000e+001
      vertex -4.971857e+000 -2.351732e+000 -5.200000e+001
      vertex -5.211258e+000 -1.758633e+000 -5.200000e+001
    endloop
  endfacet
  facet normal  0.000000e+000  0.000000e+000 -1.000000e+000
    outer loop
      vertex -3.455560e+000 -2.206604e+000 -5.200000e+001
      vertex -5.211258e+000 -1.758633e+000 -5.200000e+001
      vertex -3.723841e+000 -1.715520e+000 -5.200000e+001
    endloop
  endfacet
  facet normal  -0.000000e+000  0.000000e+000 -1.000000e+000
    outer loop
      vertex -3.723841e+000 -1.715520e+000 -5.200000e+001
      vertex -5.211258e+000 -1.758633e+000 -5.200000e+001
      vertex -5.380186e+000 -1.141751e+000 -5.200000e+001
    endloop
  endfacet
  facet normal  0.000000e+000  0.000000e+000 -1.000000e+000
    outer loop
      vertex -3.723841e+000 -1.715520e+000 -5.200000e+001
      vertex -5.380186e+000 -1.141751e+000 -5.200000e+001
      vertex -3.922753e+000 -1.192479e+000 -5.200000e+001
    endloop
  endfacet
  facet normal  0.000000e+000  0.000000e+000 -9.999999e-001
    outer loop
      vertex -3.922753e+000 -1.192479e+000 -5.200000e+001
      vertex -5.380186e+000 -1.141751e+000 -5.200000e+001
      vertex -5.476357e+000 -5.094296e-001 -5.200000e+001
    endloop
  endfacet
  facet normal  0.000000e+000  0.000000e+000 -1.000000e+000
    outer loop
      vertex -3.922753e+000 -1.192479e+000 -5.200000e+001
      vertex -5.476357e+000 -5.094296e-001 -5.200000e+001
      vertex -4.048593e+000 -6.472237e-001 -5.200000e+001
    endloop
  endfacet
  facet normal  0.000000e+000  0.000000e+000 -9.999999e-001
    outer loop
      vertex -4.048593e+000 -6.472237e-001 -5.200000e+001
      vertex -5.476357e+000 -5.094296e-001 -5.200000e+001
      vertex -5.498468e+000  1.297812e-001 -5.200000e+001
    endloop
  endfacet
  facet normal  0.000000e+000  0.000000e+000 -1.000000e+000
    outer loop
      vertex -4.048593e+000 -6.472237e-001 -5.200000e+001
      vertex -5.498468e+000  1.297812e-001 -5.200000e+001
      vertex -4.099014e+000 -8.991216e-002 -5.200000e+001
    endloop
  endfacet
  facet normal  0.000000e+000  0.000000e+000 -9.999999e-001
    outer loop
      vertex -1.287956e+000 -3.892451e+000 -5.200000e+001
      vertex -3.867677e+000 -3.910380e+000 -5.200000e+001
      vertex -1.805981e+000 -3.680819e+000 -5.200000e+001
    endloop
  endfacet
  facet normal  -0.000000e+000  0.000000e+000 -1.000000e+000
    outer loop
      vertex -1.805981e+000 -3.680819e+000 -5.200000e+001
      vertex -3.867677e+000 -3.910380e+000 -5.200000e+001
      vertex -4.295493e+000 -3.434929e+000 -5.200000e+001
    endloop
  endfacet
  facet normal  0.000000e+000  0.000000e+000 -1.000000e+000
    outer loop
      vertex -1.805981e+000 -3.680819e+000 -5.200000e+001
      vertex -4.295493e+000 -3.434929e+000 -5.200000e+001
      vertex -2.290365e+000 -3.400622e+000 -5.200000e+001
    endloop
  endfacet
  facet normal  -0.000000e+000  0.000000e+000 -1.000000e+000
    outer loop
      vertex -2.290365e+000 -3.400622e+000 -5.200000e+001
      vertex -4.295493e+000 -3.434929e+000 -5.200000e+001
      vertex -4.665219e+000 -2.913027e+000 -5.200000e+001
    endloop
  endfacet
  facet normal  0.000000e+000  0.000000e+000 -1.000000e+000
    outer loop
      vertex -2.290365e+000 -3.400622e+000 -5.200000e+001
      vertex -4.665219e+000 -2.913027e+000 -5.200000e+001
      vertex -2.732084e+000 -3.057077e+000 -5.200000e+001
    endloop
  endfacet
  facet normal  0.000000e+000  0.000000e+000 -1.000000e+000
    outer loop
      vertex -1.900241e-001 -4.095594e+000 -5.200000e+001
      vertex -3.387558e+000 -4.332949e+000 -5.200000e+001
      vertex -7.459375e-001 -4.031572e+000 -5.200000e+001
    endloop
  endfacet
  facet normal  -0.000000e+000  0.000000e+000 -1.000000e+000
    outer loop
      vertex -7.459375e-001 -4.031572e+000 -5.200000e+001
      vertex -3.387558e+000 -4.332949e+000 -5.200000e+001
      vertex -3.867677e+000 -3.910380e+000 -5.200000e+001
    endloop
  endfacet
  facet normal  0.000000e+000  0.000000e+000 -1.000000e+000
    outer loop
      vertex -7.459375e-001 -4.031572e+000 -5.200000e+001
      vertex -3.867677e+000 -3.910380e+000 -5.200000e+001
      vertex -1.287956e+000 -3.892451e+000 -5.200000e+001
    endloop
  endfacet
  facet normal  -0.000000e+000  0.000000e+000 -1.000000e+000
    outer loop
      vertex  7.459375e-001  4.031572e+000 -5.200000e+001
      vertex  3.867677e+000  3.910380e+000 -5.200000e+001
      vertex  1.287956e+000  3.892451e+000 -5.200000e+001
    endloop
  endfacet
  facet normal  0.000000e+000  0.000000e+000 -1.000000e+000
    outer loop
      vertex  1.287956e+000  3.892451e+000 -5.200000e+001
      vertex  3.867677e+000  3.910380e+000 -5.200000e+001
      vertex  4.295493e+000  3.434929e+000 -5.200000e+001
    endloop
  endfacet
  facet normal  0.000000e+000  0.000000e+000 -1.000000e+000
    outer loop
      vertex  1.287956e+000  3.892451e+000 -5.200000e+001
      vertex  4.295493e+000  3.434929e+000 -5.200000e+001
      vertex  1.805981e+000  3.680819e+000 -5.200000e+001
    endloop
  endfacet
  facet normal  0.000000e+000  0.000000e+000 -1.000000e+000
    outer loop
      vertex  3.455560e+000  2.206604e+000 -5.200000e+001
      vertex  3.122909e+000  2.656584e+000 -5.200000e+001
      vertex  4.971857e+000  2.351732e+000 -5.200000e+001
    endloop
  endfacet
  facet normal  0.000000e+000  0.000000e+000 -1.000000e+000
    outer loop
      vertex  4.971857e+000  2.351732e+000 -5.200000e+001
      vertex  3.122909e+000  2.656584e+000 -5.200000e+001
      vertex  2.732084e+000  3.057077e+000 -5.200000e+001
    endloop
  endfacet
  facet normal  0.000000e+000  0.000000e+000 -1.000000e+000
    outer loop
      vertex  4.971857e+000  2.351732e+000 -5.200000e+001
      vertex  2.732084e+000  3.057077e+000 -5.200000e+001
      vertex  4.665219e+000  2.913027e+000 -5.200000e+001
    endloop
  endfacet
  facet normal  0.000000e+000  0.000000e+000 -1.000000e+000
    outer loop
      vertex  4.665219e+000  2.913027e+000 -5.200000e+001
      vertex  2.732084e+000  3.057077e+000 -5.200000e+001
      vertex  2.290365e+000  3.400622e+000 -5.200000e+001
    endloop
  endfacet
  facet normal  0.000000e+000  0.000000e+000 -1.000000e+000
    outer loop
      vertex  4.665219e+000  2.913027e+000 -5.200000e+001
      vertex  2.290365e+000  3.400622e+000 -5.200000e+001
      vertex  4.295493e+000  3.434929e+000 -5.200000e+001
    endloop
  endfacet
  facet normal  0.000000e+000  -0.000000e+000 -1.000000e+000
    outer loop
      vertex  3.971269e+000 -1.019323e+000 -5.200000e+001
      vertex  4.073079e+000 -4.690743e-001 -5.200000e+001
      vertex  5.446223e+000 -7.672369e-001 -5.200000e+001
    endloop
  endfacet
  facet normal  0.000000e+000  0.000000e+000 -1.000000e+000
    outer loop
      vertex  5.446223e+000 -7.672369e-001 -5.200000e+001
      vertex  4.073079e+000 -4.690743e-001 -5.200000e+001
      vertex  4.099014e+000  8.991216e-002 -5.200000e+001
    endloop
  endfacet
  facet normal  0.000000e+000  0.000000e+000 -9.999999e-001
    outer loop
      vertex  5.446223e+000 -7.672369e-001 -5.200000e+001
      vertex  4.099014e+000  8.991216e-002 -5.200000e+001
      vertex  5.498468e+000 -1.297812e-001 -5.200000e+001
    endloop
  endfacet
  facet normal  0.000000e+000  0.000000e+000 -1.000000e+000
    outer loop
      vertex  5.498468e+000 -1.297812e-001 -5.200000e+001
      vertex  4.099014e+000  8.991216e-002 -5.200000e+001
      vertex  4.048593e+000  6.472237e-001 -5.200000e+001
    endloop
  endfacet
  facet normal  0.000000e+000  0.000000e+000 -9.999999e-001
    outer loop
      vertex  5.498468e+000 -1.297812e-001 -5.200000e+001
      vertex  4.048593e+000  6.472237e-001 -5.200000e+001
      vertex  5.476357e+000  5.094296e-001 -5.200000e+001
    endloop
  endfacet
  facet normal  0.000000e+000  0.000000e+000 -1.000000e+000
    outer loop
      vertex  5.476357e+000  5.094296e-001 -5.200000e+001
      vertex  4.048593e+000  6.472237e-001 -5.200000e+001
      vertex  3.922753e+000  1.192479e+000 -5.200000e+001
    endloop
  endfacet
  facet normal  0.000000e+000  0.000000e+000 -9.999999e-001
    outer loop
      vertex  5.476357e+000  5.094296e-001 -5.200000e+001
      vertex  3.922753e+000  1.192479e+000 -5.200000e+001
      vertex  5.380186e+000  1.141751e+000 -5.200000e+001
    endloop
  endfacet
  facet normal  0.000000e+000  0.000000e+000 -1.000000e+000
    outer loop
      vertex  5.380186e+000  1.141751e+000 -5.200000e+001
      vertex  3.922753e+000  1.192479e+000 -5.200000e+001
      vertex  3.723841e+000  1.715520e+000 -5.200000e+001
    endloop
  endfacet
  facet normal  0.000000e+000  0.000000e+000 -1.000000e+000
    outer loop
      vertex  5.380186e+000  1.141751e+000 -5.200000e+001
      vertex  3.723841e+000  1.715520e+000 -5.200000e+001
      vertex  5.211258e+000  1.758633e+000 -5.200000e+001
    endloop
  endfacet
  facet normal  -0.000000e+000  0.000000e+000 -1.000000e+000
    outer loop
      vertex  5.211258e+000  1.758633e+000 -5.200000e+001
      vertex  3.723841e+000  1.715520e+000 -5.200000e+001
      vertex  3.455560e+000  2.206604e+000 -5.200000e+001
    endloop
  endfacet
  facet normal  0.000000e+000  0.000000e+000 -9.999999e-001
    outer loop
      vertex  5.211258e+000  1.758633e+000 -5.200000e+001
      vertex  3.455560e+000  2.206604e+000 -5.200000e+001
      vertex  4.971857e+000  2.351732e+000 -5.200000e+001
    endloop
  endfacet
  facet normal  0.000000e+000  -0.000000e+000 -1.000000e+000
    outer loop
      vertex  2.437276e+000 -3.296921e+000 -5.200000e+001
      vertex  2.863506e+000 -2.934337e+000 -5.200000e+001
      vertex  4.522588e+000 -3.129889e+000 -5.200000e+001
    endloop
  endfacet
  facet normal  0.000000e+000  0.000000e+000 -1.000000e+000
    outer loop
      vertex  4.522588e+000 -3.129889e+000 -5.200000e+001
      vertex  2.863506e+000 -2.934337e+000 -5.200000e+001
      vertex  3.236394e+000 -2.517092e+000 -5.200000e+001
    endloop
  endfacet
  facet normal  0.000000e+000  0.000000e+000 -1.000000e+000
    outer loop
      vertex  4.522588e+000 -3.129889e+000 -5.200000e+001
      vertex  3.236394e+000 -2.517092e+000 -5.200000e+001
      vertex  4.855365e+000 -2.583685e+000 -5.200000e+001
    endloop
  endfacet
  facet normal  0.000000e+000  0.000000e+000 -1.000000e+000
    outer loop
      vertex  4.855365e+000 -2.583685e+000 -5.200000e+001
      vertex  3.236394e+000 -2.517092e+000 -5.200000e+001
      vertex  3.548994e+000 -2.052959e+000 -5.200000e+001
    endloop
  endfacet
  facet normal  0.000000e+000  0.000000e+000 -1.000000e+000
    outer loop
      vertex  4.855365e+000 -2.583685e+000 -5.200000e+001
      vertex  3.548994e+000 -2.052959e+000 -5.200000e+001
      vertex  5.122483e+000 -2.002542e+000 -5.200000e+001
    endloop
  endfacet
  facet normal  -0.000000e+000  0.000000e+000 -1.000000e+000
    outer loop
      vertex  5.122483e+000 -2.002542e+000 -5.200000e+001
      vertex  3.548994e+000 -2.052959e+000 -5.200000e+001
      vertex  3.795483e+000 -1.550583e+000 -5.200000e+001
    endloop
  endfacet
  facet normal  0.000000e+000  0.000000e+000 -1.000000e+000
    outer loop
      vertex  5.122483e+000 -2.002542e+000 -5.200000e+001
      vertex  3.795483e+000 -1.550583e+000 -5.200000e+001
      vertex  5.320327e+000 -1.394317e+000 -5.200000e+001
    endloop
  endfacet
  facet normal  -0.000000e+000  0.000000e+000 -1.000000e+000
    outer loop
      vertex  5.320327e+000 -1.394317e+000 -5.200000e+001
      vertex  3.795483e+000 -1.550583e+000 -5.200000e+001
      vertex  3.971269e+000 -1.019323e+000 -5.200000e+001
    endloop
  endfacet
  facet normal  0.000000e+000  0.000000e+000 -1.000000e+000
    outer loop
      vertex  5.320327e+000 -1.394317e+000 -5.200000e+001
      vertex  3.971269e+000 -1.019323e+000 -5.200000e+001
      vertex  5.446223e+000 -7.672369e-001 -5.200000e+001
    endloop
  endfacet
  facet normal  0.000000e+000  -0.000000e+000 -1.000000e+000
    outer loop
      vertex  9.220006e-001 -3.994986e+000 -5.200000e+001
      vertex  1.457397e+000 -3.832231e+000 -5.200000e+001
      vertex  3.678879e+000 -4.088502e+000 -5.200000e+001
    endloop
  endfacet
  facet normal  0.000000e+000  0.000000e+000 -9.999999e-001
    outer loop
      vertex  3.678879e+000 -4.088502e+000 -5.200000e+001
      vertex  1.457397e+000 -3.832231e+000 -5.200000e+001
      vertex  1.965645e+000 -3.598089e+000 -5.200000e+001
    endloop
  endfacet
  facet normal  0.000000e+000  0.000000e+000 -1.000000e+000
    outer loop
      vertex  3.678879e+000 -4.088502e+000 -5.200000e+001
      vertex  1.965645e+000 -3.598089e+000 -5.200000e+001
      vertex  4.128650e+000 -3.633766e+000 -5.200000e+001
    endloop
  endfacet
  facet normal  0.000000e+000  0.000000e+000 -9.999999e-001
    outer loop
      vertex  4.128650e+000 -3.633766e+000 -5.200000e+001
      vertex  1.965645e+000 -3.598089e+000 -5.200000e+001
      vertex  2.437276e+000 -3.296921e+000 -5.200000e+001
    endloop
  endfacet
  facet normal  0.000000e+000  0.000000e+000 -9.999999e-001
    outer loop
      vertex  4.128650e+000 -3.633766e+000 -5.200000e+001
      vertex  2.437276e+000 -3.296921e+000 -5.200000e+001
      vertex  4.522588e+000 -3.129889e+000 -5.200000e+001
    endloop
  endfacet
  facet normal -4.275880e-001  9.039737e-001  0.000000e+000
    outer loop
      vertex -2.636840e+000  4.826704e+000 -5.200000e+001
      vertex -2.636840e+000  4.826704e+000  8.264527e-002
      vertex -2.058665e+000  5.100186e+000 -5.200000e+001
    endloop
  endfacet
  facet normal -4.275880e-001  9.039737e-001  0.000000e+000
    outer loop
      vertex -2.058665e+000  5.100186e+000 -5.200000e+001
      vertex -2.636840e+000  4.826704e+000  8.264527e-002
      vertex -2.058665e+000  5.100186e+000  8.264527e-002
    endloop
  endfacet
  facet normal -3.197512e-001  9.475015e-001  0.000000e+000
    outer loop
      vertex -2.058665e+000  5.100186e+000 -5.200000e+001
      vertex -2.058665e+000  5.100186e+000  8.264527e-002
      vertex -1.452649e+000  5.304697e+000 -5.200000e+001
    endloop
  endfacet
  facet normal -3.197512e-001  9.475015e-001  0.000000e+000
    outer loop
      vertex -1.452649e+000  5.304697e+000 -5.200000e+001
      vertex -2.058665e+000  5.100186e+000  8.264527e-002
      vertex -1.452649e+000  5.304697e+000  8.264527e-002
    endloop
  endfacet
  facet normal -2.075911e-001  9.782157e-001  0.000000e+000
    outer loop
      vertex -1.452649e+000  5.304697e+000 -5.200000e+001
      vertex -1.452649e+000  5.304697e+000  8.264527e-002
      vertex -8.269895e-001  5.437471e+000 -5.200000e+001
    endloop
  endfacet
  facet normal -2.075911e-001  9.782157e-001  0.000000e+000
    outer loop
      vertex -8.269895e-001  5.437471e+000 -5.200000e+001
      vertex -1.452649e+000  5.304697e+000  8.264527e-002
      vertex -8.269895e-001  5.437471e+000  8.264527e-002
    endloop
  endfacet
  facet normal -9.262341e-002  9.957013e-001  0.000000e+000
    outer loop
      vertex -8.269895e-001  5.437471e+000 -5.200000e+001
      vertex -8.269895e-001  5.437471e+000  8.264527e-002
      vertex -1.901459e-001  5.496712e+000 -5.200000e+001
    endloop
  endfacet
  facet normal -9.262341e-002  9.957013e-001  0.000000e+000
    outer loop
      vertex -1.901459e-001  5.496712e+000 -5.200000e+001
      vertex -8.269895e-001  5.437471e+000  8.264527e-002
      vertex -1.901459e-001  5.496712e+000  8.264527e-002
    endloop
  endfacet
  facet normal  2.359683e-002  9.997215e-001  0.000000e+000
    outer loop
      vertex -1.901459e-001  5.496712e+000 -5.200000e+001
      vertex -1.901459e-001  5.496712e+000  8.264527e-002
      vertex  4.492692e-001  5.481620e+000 -5.200000e+001
    endloop
  endfacet
  facet normal  2.359683e-002  9.997215e-001  -0.000000e+000
    outer loop
      vertex  4.492692e-001  5.481620e+000 -5.200000e+001
      vertex -1.901459e-001  5.496712e+000  8.264527e-002
      vertex  4.492692e-001  5.481620e+000  8.264527e-002
    endloop
  endfacet
  facet normal  1.394973e-001  9.902225e-001  0.000000e+000
    outer loop
      vertex  4.492692e-001  5.481620e+000 -5.200000e+001
      vertex  4.492692e-001  5.481620e+000  8.264527e-002
      vertex  1.082609e+000  5.392398e+000 -5.200000e+001
    endloop
  endfacet
  facet normal  1.394973e-001  9.902225e-001  -0.000000e+000
    outer loop
      vertex  1.082609e+000  5.392398e+000 -5.200000e+001
      vertex  4.492692e-001  5.481620e+000  8.264527e-002
      vertex  1.082609e+000  5.392398e+000  8.264527e-002
    endloop
  endfacet
  facet normal  2.535121e-001  9.673321e-001  0.000000e+000
    outer loop
      vertex  1.082609e+000  5.392398e+000 -5.200000e+001
      vertex  1.082609e+000  5.392398e+000  8.264527e-002
      vertex  1.701308e+000  5.230254e+000 -5.200000e+001
    endloop
  endfacet
  facet normal  2.535121e-001  9.673321e-001  -0.000000e+000
    outer loop
      vertex  1.701308e+000  5.230254e+000 -5.200000e+001
      vertex  1.082609e+000  5.392398e+000  8.264527e-002
      vertex  1.701308e+000  5.230254e+000  8.264527e-002
    endloop
  endfacet
  facet normal  3.640984e-001  9.313604e-001  0.000000e+000
    outer loop
      vertex  1.701308e+000  5.230254e+000 -5.200000e+001
      vertex  1.701308e+000  5.230254e+000  8.264527e-002
      vertex  2.296999e+000  4.997379e+000 -5.200000e+001
    endloop
  endfacet
  facet normal  3.640984e-001  9.313604e-001  -0.000000e+000
    outer loop
      vertex  2.296999e+000  4.997379e+000 -5.200000e+001
      vertex  1.701308e+000  5.230254e+000  8.264527e-002
      vertex  2.296999e+000  4.997379e+000  8.264527e-002
    endloop
  endfacet
  facet normal  4.697613e-001  8.827935e-001  0.000000e+000
    outer loop
      vertex  2.296999e+000  4.997379e+000 -5.200000e+001
      vertex  2.296999e+000  4.997379e+000  8.264527e-002
      vertex  2.861628e+000  4.696923e+000 -5.200000e+001
    endloop
  endfacet
  facet normal  4.697613e-001  8.827935e-001  -0.000000e+000
    outer loop
      vertex  2.861628e+000  4.696923e+000 -5.200000e+001
      vertex  2.296999e+000  4.997379e+000  8.264527e-002
      vertex  2.861628e+000  4.696923e+000  8.264527e-002
    endloop
  endfacet
  facet normal  5.690706e-001  8.222886e-001  0.000000e+000
    outer loop
      vertex  2.861628e+000  4.696923e+000 -5.200000e+001
      vertex  2.861628e+000  4.696923e+000  8.264527e-002
      vertex  3.387558e+000  4.332949e+000 -5.200000e+001
    endloop
  endfacet
  facet normal  5.690706e-001  8.222886e-001  -0.000000e+000
    outer loop
      vertex  3.387558e+000  4.332949e+000 -5.200000e+001
      vertex  2.861628e+000  4.696923e+000  8.264527e-002
      vertex  3.387558e+000  4.332949e+000  8.264527e-002
    endloop
  endfacet
  facet normal  6.606846e-001  7.506636e-001  0.000000e+000
    outer loop
      vertex  3.387558e+000  4.332949e+000 -5.200000e+001
      vertex  3.387558e+000  4.332949e+000  8.264527e-002
      vertex  3.867677e+000  3.910380e+000 -5.200000e+001
    endloop
  endfacet
  facet normal  6.606846e-001  7.506636e-001  -0.000000e+000
    outer loop
      vertex  3.867677e+000  3.910380e+000 -5.200000e+001
      vertex  3.387558e+000  4.332949e+000  8.264527e-002
      vertex  3.867677e+000  3.910380e+000  8.264527e-002
    endloop
  endfacet
  facet normal  7.433639e-001  6.688871e-001  0.000000e+000
    outer loop
      vertex  3.867677e+000  3.910380e+000 -5.200000e+001
      vertex  3.867677e+000  3.910380e+000  8.264527e-002
      vertex  4.295493e+000  3.434929e+000 -5.200000e+001
    endloop
  endfacet
  facet normal  7.433639e-001  6.688871e-001  -0.000000e+000
    outer loop
      vertex  4.295493e+000  3.434929e+000 -5.200000e+001
      vertex  3.867677e+000  3.910380e+000  8.264527e-002
      vertex  4.295493e+000  3.434929e+000  8.264527e-002
    endloop
  endfacet
  facet normal  8.159909e-001  5.780647e-001  0.000000e+000
    outer loop
      vertex  4.295493e+000  3.434929e+000 -5.200000e+001
      vertex  4.295493e+000  3.434929e+000  8.264527e-002
      vertex  4.665219e+000  2.913027e+000 -5.200000e+001
    endloop
  endfacet
  facet normal  8.159909e-001  5.780647e-001  -0.000000e+000
    outer loop
      vertex  4.665219e+000  2.913027e+000 -5.200000e+001
      vertex  4.295493e+000  3.434929e+000  8.264527e-002
      vertex  4.665219e+000  2.913027e+000  8.264527e-002
    endloop
  endfacet
  facet normal  8.775826e-001  4.794256e-001  0.000000e+000
    outer loop
      vertex  4.665219e+000  2.913027e+000 -5.200000e+001
      vertex  4.665219e+000  2.913027e+000  8.264527e-002
      vertex  4.971857e+000  2.351732e+000 -5.200000e+001
    endloop
  endfacet
  facet normal  8.775826e-001  4.794256e-001  -0.000000e+000
    outer loop
      vertex  4.971857e+000  2.351732e+000 -5.200000e+001
      vertex  4.665219e+000  2.913027e+000  8.264527e-002
      vertex  4.971857e+000  2.351732e+000  8.264527e-002
    endloop
  endfacet
  facet normal  9.273066e-001  3.743025e-001  0.000000e+000
    outer loop
      vertex  4.971857e+000  2.351732e+000 -5.200000e+001
      vertex  4.971857e+000  2.351732e+000  8.264527e-002
      vertex  5.211258e+000  1.758633e+000 -5.200000e+001
    endloop
  endfacet
  facet normal  9.273066e-001  3.743025e-001  -0.000000e+000
    outer loop
      vertex  5.211258e+000  1.758633e+000 -5.200000e+001
      vertex  4.971857e+000  2.351732e+000  8.264527e-002
      vertex  5.211258e+000  1.758633e+000  8.264527e-002
    endloop
  endfacet
  facet normal  9.644904e-001  2.641181e-001  0.000000e+000
    outer loop
      vertex  5.211258e+000  1.758633e+000 -5.200000e+001
      vertex  5.211258e+000  1.758633e+000  8.264527e-002
      vertex  5.380186e+000  1.141751e+000 -5.200000e+001
    endloop
  endfacet
  facet normal  9.644904e-001  2.641181e-001  -0.000000e+000
    outer loop
      vertex  5.380186e+000  1.141751e+000 -5.200000e+001
      vertex  5.211258e+000  1.758633e+000  8.264527e-002
      vertex  5.380186e+000  1.141751e+000  8.264527e-002
    endloop
  endfacet
  facet normal  9.886311e-001  1.503619e-001  0.000000e+000
    outer loop
      vertex  5.380186e+000  1.141751e+000 -5.200000e+001
      vertex  5.380186e+000  1.141751e+000  8.264527e-002
      vertex  5.476357e+000  5.094296e-001 -5.200000e+001
    endloop
  endfacet
  facet normal  9.886311e-001  1.503619e-001  -0.000000e+000
    outer loop
      vertex  5.476357e+000  5.094296e-001 -5.200000e+001
      vertex  5.380186e+000  1.141751e+000  8.264527e-002
      vertex  5.476357e+000  5.094296e-001  8.264527e-002
    endloop
  endfacet
  facet normal  9.994022e-001  3.457181e-002  0.000000e+000
    outer loop
      vertex  5.476357e+000  5.094296e-001 -5.200000e+001
      vertex  5.476357e+000  5.094296e-001  8.264527e-002
      vertex  5.498468e+000 -1.297812e-001 -5.200000e+001
    endloop
  endfacet
  facet normal  9.994022e-001  3.457181e-002  -0.000000e+000
    outer loop
      vertex  5.498468e+000 -1.297812e-001 -5.200000e+001
      vertex  5.476357e+000  5.094296e-001  8.264527e-002
      vertex  5.498468e+000 -1.297812e-001  8.264527e-002
    endloop
  endfacet
  facet normal  9.966583e-001 -8.168497e-002  0.000000e+000
    outer loop
      vertex  5.498468e+000 -1.297812e-001 -5.200000e+001
      vertex  5.498468e+000 -1.297812e-001  8.264527e-002
      vertex  5.446223e+000 -7.672369e-001 -5.200000e+001
    endloop
  endfacet
  facet normal  9.966583e-001 -8.168497e-002  0.000000e+000
    outer loop
      vertex  5.446223e+000 -7.672369e-001 -5.200000e+001
      vertex  5.498468e+000 -1.297812e-001  8.264527e-002
      vertex  5.446223e+000 -7.672369e-001  8.264527e-002
    endloop
  endfacet
  facet normal  9.804361e-001 -1.968376e-001  0.000000e+000
    outer loop
      vertex  5.446223e+000 -7.672369e-001 -5.200000e+001
      vertex  5.446223e+000 -7.672369e-001  8.264527e-002
      vertex  5.320327e+000 -1.394317e+000 -5.200000e+001
    endloop
  endfacet
  facet normal  9.804361e-001 -1.968376e-001  0.000000e+000
    outer loop
      vertex  5.320327e+000 -1.394317e+000 -5.200000e+001
      vertex  5.446223e+000 -7.672369e-001  8.264527e-002
      vertex  5.320327e+000 -1.394317e+000  8.264527e-002
    endloop
  endfacet
  facet normal  9.509552e-001 -3.093286e-001  0.000000e+000
    outer loop
      vertex  5.320327e+000 -1.394317e+000 -5.200000e+001
      vertex  5.320327e+000 -1.394317e+000  8.264527e-002
      vertex  5.122483e+000 -2.002542e+000 -5.200000e+001
    endloop
  endfacet
  facet normal  9.509552e-001 -3.093286e-001  0.000000e+000
    outer loop
      vertex  5.122483e+000 -2.002542e+000 -5.200000e+001
      vertex  5.320327e+000 -1.394317e+000  8.264527e-002
      vertex  5.122483e+000 -2.002542e+000  8.264527e-002
    endloop
  endfacet
  facet normal  9.086142e-001 -4.176366e-001  0.000000e+000
    outer loop
      vertex  5.122483e+000 -2.002542e+000 -5.200000e+001
      vertex  5.122483e+000 -2.002542e+000  8.264527e-002
      vertex  4.855365e+000 -2.583685e+000 -5.200000e+001
    endloop
  endfacet
  facet normal  9.086142e-001 -4.176366e-001  0.000000e+000
    outer loop
      vertex  4.855365e+000 -2.583685e+000 -5.200000e+001
      vertex  5.122483e+000 -2.002542e+000  8.264527e-002
      vertex  4.855365e+000 -2.583685e+000  8.264527e-002
    endloop
  endfacet
  facet normal  8.539861e-001 -5.202957e-001  0.000000e+000
    outer loop
      vertex  4.855365e+000 -2.583685e+000 -5.200000e+001
      vertex  4.855365e+000 -2.583685e+000  8.264527e-002
      vertex  4.522588e+000 -3.129889e+000 -5.200000e+001
    endloop
  endfacet
  facet normal  8.539861e-001 -5.202957e-001  0.000000e+000
    outer loop
      vertex  4.522588e+000 -3.129889e+000 -5.200000e+001
      vertex  4.855365e+000 -2.583685e+000  8.264527e-002
      vertex  4.522588e+000 -3.129889e+000  8.264527e-002
    endloop
  endfacet
  facet normal  7.878089e-001 -6.159198e-001  0.000000e+000
    outer loop
      vertex  4.522588e+000 -3.129889e+000 -5.200000e+001
      vertex  4.522588e+000 -3.129889e+000  8.264527e-002
      vertex  4.128650e+000 -3.633766e+000 -5.200000e+001
    endloop
  endfacet
  facet normal  7.878089e-001 -6.159198e-001  0.000000e+000
    outer loop
      vertex  4.128650e+000 -3.633766e+000 -5.200000e+001
      vertex  4.522588e+000 -3.129889e+000  8.264527e-002
      vertex  4.128650e+000 -3.633766e+000  8.264527e-002
    endloop
  endfacet
  facet normal  7.109780e-001 -7.032143e-001  0.000000e+000
    outer loop
      vertex  4.128650e+000 -3.633766e+000 -5.200000e+001
      vertex  4.128650e+000 -3.633766e+000  8.264527e-002
      vertex  3.678879e+000 -4.088502e+000 -5.200000e+001
    endloop
  endfacet
  facet normal  7.109780e-001 -7.032143e-001  0.000000e+000
    outer loop
      vertex  3.678879e+000 -4.088502e+000 -5.200000e+001
      vertex  4.128650e+000 -3.633766e+000  8.264527e-002
      vertex  3.678879e+000 -4.088502e+000  8.264527e-002
    endloop
  endfacet
  facet normal  6.245329e-001 -7.809985e-001  0.000000e+000
    outer loop
      vertex  3.678879e+000 -4.088502e+000 -5.200000e+001
      vertex  3.678879e+000 -4.088502e+000  8.264527e-002
      vertex  3.179357e+000 -4.487949e+000 -5.200000e+001
    endloop
  endfacet
  facet normal  6.245329e-001 -7.809985e-001  0.000000e+000
    outer loop
      vertex  3.179357e+000 -4.487949e+000 -5.200000e+001
      vertex  3.678879e+000 -4.088502e+000  8.264527e-002
      vertex  3.179357e+000 -4.487949e+000  8.264527e-002
    endloop
  endfacet
  facet normal  5.296409e-001 -8.482220e-001  0.000000e+000
    outer loop
      vertex  3.179357e+000 -4.487949e+000 -5.200000e+001
      vertex  3.179357e+000 -4.487949e+000  8.264527e-002
      vertex  2.636840e+000 -4.826704e+000 -5.200000e+001
    endloop
  endfacet
  facet normal  5.296409e-001 -8.482220e-001  0.000000e+000
    outer loop
      vertex  2.636840e+000 -4.826704e+000 -5.200000e+001
      vertex  3.179357e+000 -4.487949e+000  8.264527e-002
      vertex  2.636840e+000 -4.826704e+000  8.264527e-002
    endloop
  endfacet
  facet normal  4.275880e-001 -9.039737e-001  0.000000e+000
    outer loop
      vertex  2.636840e+000 -4.826704e+000 -5.200000e+001
      vertex  2.636840e+000 -4.826704e+000  8.264527e-002
      vertex  2.058665e+000 -5.100186e+000 -5.200000e+001
    endloop
  endfacet
  facet normal  4.275880e-001 -9.039737e-001  0.000000e+000
    outer loop
      vertex  2.058665e+000 -5.100186e+000 -5.200000e+001
      vertex  2.636840e+000 -4.826704e+000  8.264527e-002
      vertex  2.058665e+000 -5.100186e+000  8.264527e-002
    endloop
  endfacet
  facet normal  3.197512e-001 -9.475015e-001  0.000000e+000
    outer loop
      vertex  2.058665e+000 -5.100186e+000 -5.200000e+001
      vertex  2.058665e+000 -5.100186e+000  8.264527e-002
      vertex  1.452649e+000 -5.304697e+000 -5.200000e+001
    endloop
  endfacet
  facet normal  3.197512e-001 -9.475015e-001  0.000000e+000
    outer loop
      vertex  1.452649e+000 -5.304697e+000 -5.200000e+001
      vertex  2.058665e+000 -5.100186e+000  8.264527e-002
      vertex  1.452649e+000 -5.304697e+000  8.264527e-002
    endloop
  endfacet
  facet normal  2.075911e-001 -9.782157e-001  0.000000e+000
    outer loop
      vertex  1.452649e+000 -5.304697e+000 -5.200000e+001
      vertex  1.452649e+000 -5.304697e+000  8.264527e-002
      vertex  8.269895e-001 -5.437471e+000 -5.200000e+001
    endloop
  endfacet
  facet normal  2.075911e-001 -9.782157e-001  0.000000e+000
    outer loop
      vertex  8.269895e-001 -5.437471e+000 -5.200000e+001
      vertex  1.452649e+000 -5.304697e+000  8.264527e-002
      vertex  8.269895e-001 -5.437471e+000  8.264527e-002
    endloop
  endfacet
  facet normal  9.262341e-002 -9.957013e-001  0.000000e+000
    outer loop
      vertex  8.269895e-001 -5.437471e+000 -5.200000e+001
      vertex  8.269895e-001 -5.437471e+000  8.264527e-002
      vertex  1.901459e-001 -5.496712e+000 -5.200000e+001
    endloop
  endfacet
  facet normal  9.262341e-002 -9.957013e-001  0.000000e+000
    outer loop
      vertex  1.901459e-001 -5.496712e+000 -5.200000e+001
      vertex  8.269895e-001 -5.437471e+000  8.264527e-002
      vertex  1.901459e-001 -5.496712e+000  8.264527e-002
    endloop
  endfacet
  facet normal -2.359683e-002 -9.997215e-001  -0.000000e+000
    outer loop
      vertex  1.901459e-001 -5.496712e+000 -5.200000e+001
      vertex  1.901459e-001 -5.496712e+000  8.264527e-002
      vertex -4.492692e-001 -5.481620e+000 -5.200000e+001
    endloop
  endfacet
  facet normal -2.359683e-002 -9.997215e-001  0.000000e+000
    outer loop
      vertex -4.492692e-001 -5.481620e+000 -5.200000e+001
      vertex  1.901459e-001 -5.496712e+000  8.264527e-002
      vertex -4.492692e-001 -5.481620e+000  8.264527e-002
    endloop
  endfacet
  facet normal -1.394973e-001 -9.902225e-001  -0.000000e+000
    outer loop
      vertex -4.492692e-001 -5.481620e+000 -5.200000e+001
      vertex -4.492692e-001 -5.481620e+000  8.264527e-002
      vertex -1.082609e+000 -5.392398e+000 -5.200000e+001
    endloop
  endfacet
  facet normal -1.394973e-001 -9.902225e-001  0.000000e+000
    outer loop
      vertex -1.082609e+000 -5.392398e+000 -5.200000e+001
      vertex -4.492692e-001 -5.481620e+000  8.264527e-002
      vertex -1.082609e+000 -5.392398e+000  8.264527e-002
    endloop
  endfacet
  facet normal -2.535121e-001 -9.673321e-001  -0.000000e+000
    outer loop
      vertex -1.082609e+000 -5.392398e+000 -5.200000e+001
      vertex -1.082609e+000 -5.392398e+000  8.264527e-002
      vertex -1.701308e+000 -5.230254e+000 -5.200000e+001
    endloop
  endfacet
  facet normal -2.535121e-001 -9.673321e-001  0.000000e+000
    outer loop
      vertex -1.701308e+000 -5.230254e+000 -5.200000e+001
      vertex -1.082609e+000 -5.392398e+000  8.264527e-002
      vertex -1.701308e+000 -5.230254e+000  8.264527e-002
    endloop
  endfacet
  facet normal -3.640984e-001 -9.313604e-001  -0.000000e+000
    outer loop
      vertex -1.701308e+000 -5.230254e+000 -5.200000e+001
      vertex -1.701308e+000 -5.230254e+000  8.264527e-002
      vertex -2.296999e+000 -4.997379e+000 -5.200000e+001
    endloop
  endfacet
  facet normal -3.640984e-001 -9.313604e-001  0.000000e+000
    outer loop
      vertex -2.296999e+000 -4.997379e+000 -5.200000e+001
      vertex -1.701308e+000 -5.230254e+000  8.264527e-002
      vertex -2.296999e+000 -4.997379e+000  8.264527e-002
    endloop
  endfacet
  facet normal -4.697613e-001 -8.827935e-001  -0.000000e+000
    outer loop
      vertex -2.296999e+000 -4.997379e+000 -5.200000e+001
      vertex -2.296999e+000 -4.997379e+000  8.264527e-002
      vertex -2.861628e+000 -4.696923e+000 -5.200000e+001
    endloop
  endfacet
  facet normal -4.697613e-001 -8.827935e-001  0.000000e+000
    outer loop
      vertex -2.861628e+000 -4.696923e+000 -5.200000e+001
      vertex -2.296999e+000 -4.997379e+000  8.264527e-002
      vertex -2.861628e+000 -4.696923e+000  8.264527e-002
    endloop
  endfacet
  facet normal -5.690706e-001 -8.222886e-001  -0.000000e+000
    outer loop
      vertex -2.861628e+000 -4.696923e+000 -5.200000e+001
      vertex -2.861628e+000 -4.696923e+000  8.264527e-002
      vertex -3.387558e+000 -4.332949e+000 -5.200000e+001
    endloop
  endfacet
  facet normal -5.690706e-001 -8.222886e-001  0.000000e+000
    outer loop
      vertex -3.387558e+000 -4.332949e+000 -5.200000e+001
      vertex -2.861628e+000 -4.696923e+000  8.264527e-002
      vertex -3.387558e+000 -4.332949e+000  8.264527e-002
    endloop
  endfacet
  facet normal -6.606846e-001 -7.506636e-001  -0.000000e+000
    outer loop
      vertex -3.387558e+000 -4.332949e+000 -5.200000e+001
      vertex -3.387558e+000 -4.332949e+000  8.264527e-002
      vertex -3.867677e+000 -3.910380e+000 -5.200000e+001
    endloop
  endfacet
  facet normal -6.606846e-001 -7.506636e-001  0.000000e+000
    outer loop
      vertex -3.867677e+000 -3.910380e+000 -5.200000e+001
      vertex -3.387558e+000 -4.332949e+000  8.264527e-002
      vertex -3.867677e+000 -3.910380e+000  8.264527e-002
    endloop
  endfacet
  facet normal -7.433639e-001 -6.688871e-001  -0.000000e+000
    outer loop
      vertex -3.867677e+000 -3.910380e+000 -5.200000e+001
      vertex -3.867677e+000 -3.910380e+000  8.264527e-002
      vertex -4.295493e+000 -3.434929e+000 -5.200000e+001
    endloop
  endfacet
  facet normal -7.433639e-001 -6.688871e-001  0.000000e+000
    outer loop
      vertex -4.295493e+000 -3.434929e+000 -5.200000e+001
      vertex -3.867677e+000 -3.910380e+000  8.264527e-002
      vertex -4.295493e+000 -3.434929e+000  8.264527e-002
    endloop
  endfacet
  facet normal -8.159909e-001 -5.780647e-001  -0.000000e+000
    outer loop
      vertex -4.295493e+000 -3.434929e+000 -5.200000e+001
      vertex -4.295493e+000 -3.434929e+000  8.264527e-002
      vertex -4.665219e+000 -2.913027e+000 -5.200000e+001
    endloop
  endfacet
  facet normal -8.159909e-001 -5.780647e-001  0.000000e+000
    outer loop
      vertex -4.665219e+000 -2.913027e+000 -5.200000e+001
      vertex -4.295493e+000 -3.434929e+000  8.264527e-002
      vertex -4.665219e+000 -2.913027e+000  8.264527e-002
    endloop
  endfacet
  facet normal -8.775826e-001 -4.794256e-001  -0.000000e+000
    outer loop
      vertex -4.665219e+000 -2.913027e+000 -5.200000e+001
      vertex -4.665219e+000 -2.913027e+000  8.264527e-002
      vertex -4.971857e+000 -2.351732e+000 -5.200000e+001
    endloop
  endfacet
  facet normal -8.775826e-001 -4.794256e-001  0.000000e+000
    outer loop
      vertex -4.971857e+000 -2.351732e+000 -5.200000e+001
      vertex -4.665219e+000 -2.913027e+000  8.264527e-002
      vertex -4.971857e+000 -2.351732e+000  8.264527e-002
    endloop
  endfacet
  facet normal -9.273066e-001 -3.743025e-001  -0.000000e+000
    outer loop
      vertex -4.971857e+000 -2.351732e+000 -5.200000e+001
      vertex -4.971857e+000 -2.351732e+000  8.264527e-002
      vertex -5.211258e+000 -1.758633e+000 -5.200000e+001
    endloop
  endfacet
  facet normal -9.273066e-001 -3.743025e-001  0.000000e+000
    outer loop
      vertex -5.211258e+000 -1.758633e+000 -5.200000e+001
      vertex -4.971857e+000 -2.351732e+000  8.264527e-002
      vertex -5.211258e+000 -1.758633e+000  8.264527e-002
    endloop
  endfacet
  facet normal -9.644904e-001 -2.641181e-001  -0.000000e+000
    outer loop
      vertex -5.211258e+000 -1.758633e+000 -5.200000e+001
      vertex -5.211258e+000 -1.758633e+000  8.264527e-002
      vertex -5.380186e+000 -1.141751e+000 -5.200000e+001
    endloop
  endfacet
  facet normal -9.644904e-001 -2.641181e-001  0.000000e+000
    outer loop
      vertex -5.380186e+000 -1.141751e+000 -5.200000e+001
      vertex -5.211258e+000 -1.758633e+000  8.264527e-002
      vertex -5.380186e+000 -1.141751e+000  8.264527e-002
    endloop
  endfacet
  facet normal -9.886311e-001 -1.503619e-001  -0.000000e+000
    outer loop
      vertex -5.380186e+000 -1.141751e+000 -5.200000e+001
      vertex -5.380186e+000 -1.141751e+000  8.264527e-002
      vertex -5.476357e+000 -5.094296e-001 -5.200000e+001
    endloop
  endfacet
  facet normal -9.886311e-001 -1.503619e-001  0.000000e+000
    outer loop
      vertex -5.476357e+000 -5.094296e-001 -5.200000e+001
      vertex -5.380186e+000 -1.141751e+000  8.264527e-002
      vertex -5.476357e+000 -5.094296e-001  8.264527e-002
    endloop
  endfacet
  facet normal -9.994022e-001 -3.457181e-002  -0.000000e+000
    outer loop
      vertex -5.476357e+000 -5.094296e-001 -5.200000e+001
      vertex -5.476357e+000 -5.094296e-001  8.264527e-002
      vertex -5.498468e+000  1.297812e-001 -5.200000e+001
    endloop
  endfacet
  facet normal -9.994022e-001 -3.457181e-002  0.000000e+000
    outer loop
      vertex -5.498468e+000  1.297812e-001 -5.200000e+001
      vertex -5.476357e+000 -5.094296e-001  8.264527e-002
      vertex -5.498468e+000  1.297812e-001  8.264527e-002
    endloop
  endfacet
  facet normal -9.966583e-001  8.168497e-002  0.000000e+000
    outer loop
      vertex -5.498468e+000  1.297812e-001 -5.200000e+001
      vertex -5.498468e+000  1.297812e-001  8.264527e-002
      vertex -5.446223e+000  7.672369e-001 -5.200000e+001
    endloop
  endfacet
  facet normal -9.966583e-001  8.168497e-002  0.000000e+000
    outer loop
      vertex -5.446223e+000  7.672369e-001 -5.200000e+001
      vertex -5.498468e+000  1.297812e-001  8.264527e-002
      vertex -5.446223e+000  7.672369e-001  8.264527e-002
    endloop
  endfacet
  facet normal -9.804361e-001  1.968376e-001  0.000000e+000
    outer loop
      vertex -5.446223e+000  7.672369e-001 -5.200000e+001
      vertex -5.446223e+000  7.672369e-001  8.264527e-002
      vertex -5.320327e+000  1.394317e+000 -5.200000e+001
    endloop
  endfacet
  facet normal -9.804361e-001  1.968376e-001  0.000000e+000
    outer loop
      vertex -5.320327e+000  1.394317e+000 -5.200000e+001
      vertex -5.446223e+000  7.672369e-001  8.264527e-002
      vertex -5.320327e+000  1.394317e+000  8.264527e-002
    endloop
  endfacet
  facet normal -9.509552e-001  3.093286e-001  0.000000e+000
    outer loop
      vertex -5.320327e+000  1.394317e+000 -5.200000e+001
      vertex -5.320327e+000  1.394317e+000  8.264527e-002
      vertex -5.122483e+000  2.002542e+000 -5.200000e+001
    endloop
  endfacet
  facet normal -9.509552e-001  3.093286e-001  0.000000e+000
    outer loop
      vertex -5.122483e+000  2.002542e+000 -5.200000e+001
      vertex -5.320327e+000  1.394317e+000  8.264527e-002
      vertex -5.122483e+000  2.002542e+000  8.264527e-002
    endloop
  endfacet
  facet normal -9.086142e-001  4.176366e-001  0.000000e+000
    outer loop
      vertex -5.122483e+000  2.002542e+000 -5.200000e+001
      vertex -5.122483e+000  2.002542e+000  8.264527e-002
      vertex -4.855365e+000  2.583685e+000 -5.200000e+001
    endloop
  endfacet
  facet normal -9.086142e-001  4.176366e-001  0.000000e+000
    outer loop
      vertex -4.855365e+000  2.583685e+000 -5.200000e+001
      vertex -5.122483e+000  2.002542e+000  8.264527e-002
      vertex -4.855365e+000  2.583685e+000  8.264527e-002
    endloop
  endfacet
  facet normal -8.539861e-001  5.202957e-001  0.000000e+000
    outer loop
      vertex -4.855365e+000  2.583685e+000 -5.200000e+001
      vertex -4.855365e+000  2.583685e+000  8.264527e-002
      vertex -4.522588e+000  3.129889e+000 -5.200000e+001
    endloop
  endfacet
  facet normal -8.539861e-001  5.202957e-001  0.000000e+000
    outer loop
      vertex -4.522588e+000  3.129889e+000 -5.200000e+001
      vertex -4.855365e+000  2.583685e+000  8.264527e-002
      vertex -4.522588e+000  3.129889e+000  8.264527e-002
    endloop
  endfacet
  facet normal -7.878089e-001  6.159198e-001  0.000000e+000
    outer loop
      vertex -4.522588e+000  3.129889e+000 -5.200000e+001
      vertex -4.522588e+000  3.129889e+000  8.264527e-002
      vertex -4.128650e+000  3.633766e+000 -5.200000e+001
    endloop
  endfacet
  facet normal -7.878089e-001  6.159198e-001  0.000000e+000
    outer loop
      vertex -4.128650e+000  3.633766e+000 -5.200000e+001
      vertex -4.522588e+000  3.129889e+000  8.264527e-002
      vertex -4.128650e+000  3.633766e+000  8.264527e-002
    endloop
  endfacet
  facet normal -7.109780e-001  7.032143e-001  0.000000e+000
    outer loop
      vertex -4.128650e+000  3.633766e+000 -5.200000e+001
      vertex -4.128650e+000  3.633766e+000  8.264527e-002
      vertex -3.678879e+000  4.088502e+000 -5.200000e+001
    endloop
  endfacet
  facet normal -7.109780e-001  7.032143e-001  0.000000e+000
    outer loop
      vertex -3.678879e+000  4.088502e+000 -5.200000e+001
      vertex -4.128650e+000  3.633766e+000  8.264527e-002
      vertex -3.678879e+000  4.088502e+000  8.264527e-002
    endloop
  endfacet
  facet normal -6.245329e-001  7.809985e-001  0.000000e+000
    outer loop
      vertex -3.678879e+000  4.088502e+000 -5.200000e+001
      vertex -3.678879e+000  4.088502e+000  8.264527e-002
      vertex -3.179357e+000  4.487949e+000 -5.200000e+001
    endloop
  endfacet
  facet normal -6.245329e-001  7.809985e-001  0.000000e+000
    outer loop
      vertex -3.179357e+000  4.487949e+000 -5.200000e+001
      vertex -3.678879e+000  4.088502e+000  8.264527e-002
      vertex -3.179357e+000  4.487949e+000  8.264527e-002
    endloop
  endfacet
  facet normal -5.296409e-001  8.482220e-001  0.000000e+000
    outer loop
      vertex -3.179357e+000  4.487949e+000 -5.200000e+001
      vertex -3.179357e+000  4.487949e+000  8.264527e-002
      vertex -2.636840e+000  4.826704e+000 -5.200000e+001
    endloop
  endfacet
  facet normal -5.296409e-001  8.482220e-001  0.000000e+000
    outer loop
      vertex -2.636840e+000  4.826704e+000 -5.200000e+001
      vertex -3.179357e+000  4.487949e+000  8.264527e-002
      vertex -2.636840e+000  4.826704e+000  8.264527e-002
    endloop
  endfacet
  facet normal  8.041271e-001  5.944574e-001  0.000000e+000
    outer loop
      vertex -3.455560e+000 -2.206604e+000 -5.200000e+001
      vertex -3.122909e+000 -2.656584e+000 -1.259448e+001
      vertex -3.122909e+000 -2.656584e+000 -5.200000e+001
    endloop
  endfacet
  facet normal  7.156917e-001  6.984162e-001  -0.000000e+000
    outer loop
      vertex -3.122909e+000 -2.656584e+000 -5.200000e+001
      vertex -3.122909e+000 -2.656584e+000 -1.259448e+001
      vertex -2.732084e+000 -3.057077e+000 -1.259448e+001
    endloop
  endfacet
  facet normal  7.156917e-001  6.984162e-001  0.000000e+000
    outer loop
      vertex -3.122909e+000 -2.656584e+000 -5.200000e+001
      vertex -2.732084e+000 -3.057077e+000 -1.259448e+001
      vertex -2.732084e+000 -3.057077e+000 -5.200000e+001
    endloop
  endfacet
  facet normal  6.139251e-001  7.893643e-001  -0.000000e+000
    outer loop
      vertex -2.732084e+000 -3.057077e+000 -5.200000e+001
      vertex -2.732084e+000 -3.057077e+000 -1.259448e+001
      vertex -2.290365e+000 -3.400622e+000 -1.259448e+001
    endloop
  endfacet
  facet normal  6.139251e-001  7.893643e-001  0.000000e+000
    outer loop
      vertex -2.732084e+000 -3.057077e+000 -5.200000e+001
      vertex -2.290365e+000 -3.400622e+000 -1.259448e+001
      vertex -2.290365e+000 -3.400622e+000 -5.200000e+001
    endloop
  endfacet
  facet normal  5.007216e-001  8.656085e-001  -0.000000e+000
    outer loop
      vertex -2.290365e+000 -3.400622e+000 -5.200000e+001
      vertex -2.290365e+000 -3.400622e+000 -1.259448e+001
      vertex -1.805981e+000 -3.680819e+000 -1.259448e+001
    endloop
  endfacet
  facet normal  5.007216e-001  8.656085e-001  0.000000e+000
    outer loop
      vertex -2.290365e+000 -3.400622e+000 -5.200000e+001
      vertex -1.805981e+000 -3.680819e+000 -1.259448e+001
      vertex -1.805981e+000 -3.680819e+000 -5.200000e+001
    endloop
  endfacet
  facet normal  3.781913e-001  9.257274e-001  -0.000000e+000
    outer loop
      vertex -1.805981e+000 -3.680819e+000 -5.200000e+001
      vertex -1.805981e+000 -3.680819e+000 -1.259448e+001
      vertex -1.287956e+000 -3.892451e+000 -1.259448e+001
    endloop
  endfacet
  facet normal  3.781913e-001  9.257274e-001  0.000000e+000
    outer loop
      vertex -1.805981e+000 -3.680819e+000 -5.200000e+001
      vertex -1.287956e+000 -3.892451e+000 -1.259448e+001
      vertex -1.287956e+000 -3.892451e+000 -5.200000e+001
    endloop
  endfacet
  facet normal  2.486147e-001  9.686024e-001  -0.000000e+000
    outer loop
      vertex -1.287956e+000 -3.892451e+000 -5.200000e+001
      vertex -1.287956e+000 -3.892451e+000 -1.259448e+001
      vertex -7.459375e-001 -4.031572e+000 -1.259448e+001
    endloop
  endfacet
  facet normal  2.486147e-001  9.686024e-001  0.000000e+000
    outer loop
      vertex -1.287956e+000 -3.892451e+000 -5.200000e+001
      vertex -7.459375e-001 -4.031572e+000 -1.259448e+001
      vertex -7.459375e-001 -4.031572e+000 -5.200000e+001
    endloop
  endfacet
  facet normal  1.144085e-001  9.934338e-001  -0.000000e+000
    outer loop
      vertex -7.459375e-001 -4.031572e+000 -5.200000e+001
      vertex -7.459375e-001 -4.031572e+000 -1.259448e+001
      vertex -1.900241e-001 -4.095594e+000 -1.259448e+001
    endloop
  endfacet
  facet normal  1.144085e-001  9.934338e-001  0.000000e+000
    outer loop
      vertex -7.459375e-001 -4.031572e+000 -5.200000e+001
      vertex -1.900241e-001 -4.095594e+000 -1.259448e+001
      vertex -1.900241e-001 -4.095594e+000 -5.200000e+001
    endloop
  endfacet
  facet normal -2.192936e-002  9.997595e-001  0.000000e+000
    outer loop
      vertex -1.900241e-001 -4.095594e+000 -5.200000e+001
      vertex -1.900241e-001 -4.095594e+000 -1.259448e+001
      vertex  3.694292e-001 -4.083323e+000 -1.259448e+001
    endloop
  endfacet
  facet normal -2.192936e-002  9.997595e-001  0.000000e+000
    outer loop
      vertex -1.900241e-001 -4.095594e+000 -5.200000e+001
      vertex  3.694292e-001 -4.083323e+000 -1.259448e+001
      vertex  3.694292e-001 -4.083323e+000 -5.200000e+001
    endloop
  endfacet
  facet normal -1.578595e-001  9.874615e-001  0.000000e+000
    outer loop
      vertex  3.694292e-001 -4.083323e+000 -5.200000e+001
      vertex  3.694292e-001 -4.083323e+000 -1.259448e+001
      vertex  9.220006e-001 -3.994986e+000 -1.259448e+001
    endloop
  endfacet
  facet normal -1.578595e-001  9.874615e-001  0.000000e+000
    outer loop
      vertex  3.694292e-001 -4.083323e+000 -5.200000e+001
      vertex  9.220006e-001 -3.994986e+000 -1.259448e+001
      vertex  9.220006e-001 -3.994986e+000 -5.200000e+001
    endloop
  endfacet
  facet normal -2.908484e-001  9.567691e-001  0.000000e+000
    outer loop
      vertex  9.220006e-001 -3.994986e+000 -5.200000e+001
      vertex  9.220006e-001 -3.994986e+000 -1.259448e+001
      vertex  1.457397e+000 -3.832231e+000 -1.259448e+001
    endloop
  endfacet
  facet normal -2.908484e-001  9.567691e-001  0.000000e+000
    outer loop
      vertex  9.220006e-001 -3.994986e+000 -5.200000e+001
      vertex  1.457397e+000 -3.832231e+000 -1.259448e+001
      vertex  1.457397e+000 -3.832231e+000 -5.200000e+001
    endloop
  endfacet
  facet normal -4.184197e-001  9.082538e-001  0.000000e+000
    outer loop
      vertex  1.457397e+000 -3.832231e+000 -5.200000e+001
      vertex  1.457397e+000 -3.832231e+000 -1.259448e+001
      vertex  1.965645e+000 -3.598089e+000 -1.259448e+001
    endloop
  endfacet
  facet normal -4.184197e-001  9.082538e-001  0.000000e+000
    outer loop
      vertex  1.457397e+000 -3.832231e+000 -5.200000e+001
      vertex  1.965645e+000 -3.598089e+000 -1.259448e+001
      vertex  1.965645e+000 -3.598089e+000 -5.200000e+001
    endloop
  endfacet
  facet normal  8.041271e-001  5.944574e-001  -0.000000e+000
    outer loop
      vertex -3.122909e+000 -2.656584e+000 -1.259448e+001
      vertex -3.455560e+000 -2.206604e+000 -5.200000e+001
      vertex -3.455560e+000 -2.206604e+000 -1.259448e+001
    endloop
  endfacet
  facet normal  8.775824e-001  4.794257e-001  0.000000e+000
    outer loop
      vertex -3.455560e+000 -2.206604e+000 -1.259448e+001
      vertex -3.455560e+000 -2.206604e+000 -5.200000e+001
      vertex -3.723841e+000 -1.715520e+000 -5.200000e+001
    endloop
  endfacet
  facet normal  8.775824e-001  4.794257e-001  -0.000000e+000
    outer loop
      vertex -3.455560e+000 -2.206604e+000 -1.259448e+001
      vertex -3.723841e+000 -1.715520e+000 -5.200000e+001
      vertex -3.723841e+000 -1.715520e+000 -1.259448e+001
    endloop
  endfacet
  facet normal  9.346905e-001  3.554623e-001  0.000000e+000
    outer loop
      vertex -3.723841e+000 -1.715520e+000 -1.259448e+001
      vertex -3.723841e+000 -1.715520e+000 -5.200000e+001
      vertex -3.922753e+000 -1.192479e+000 -5.200000e+001
    endloop
  endfacet
  facet normal  9.346905e-001  3.554623e-001  -0.000000e+000
    outer loop
      vertex -3.723841e+000 -1.715520e+000 -1.259448e+001
      vertex -3.922753e+000 -1.192479e+000 -5.200000e+001
      vertex -3.922753e+000 -1.192479e+000 -1.259448e+001
    endloop
  endfacet
  facet normal  9.743868e-001  2.248784e-001  0.000000e+000
    outer loop
      vertex -3.922753e+000 -1.192479e+000 -1.259448e+001
      vertex -3.922753e+000 -1.192479e+000 -5.200000e+001
      vertex -4.048593e+000 -6.472237e-001 -5.200000e+001
    endloop
  endfacet
  facet normal  9.743868e-001  2.248784e-001  -0.000000e+000
    outer loop
      vertex -3.922753e+000 -1.192479e+000 -1.259448e+001
      vertex -4.048593e+000 -6.472237e-001 -5.200000e+001
      vertex -4.048593e+000 -6.472237e-001 -1.259448e+001
    endloop
  endfacet
  facet normal  9.959323e-001  9.010426e-002  0.000000e+000
    outer loop
      vertex -4.048593e+000 -6.472237e-001 -1.259448e+001
      vertex -4.048593e+000 -6.472237e-001 -5.200000e+001
      vertex -4.099014e+000 -8.991216e-002 -5.200000e+001
    endloop
  endfacet
  facet normal  9.959323e-001  9.010426e-002  -0.000000e+000
    outer loop
      vertex -4.048593e+000 -6.472237e-001 -1.259448e+001
      vertex -4.099014e+000 -8.991216e-002 -5.200000e+001
      vertex -4.099014e+000 -8.991216e-002 -1.259448e+001
    endloop
  endfacet
  facet normal  9.989254e-001 -4.634693e-002  0.000000e+000
    outer loop
      vertex -4.099014e+000 -8.991216e-002 -1.259448e+001
      vertex -4.099014e+000 -8.991216e-002 -5.200000e+001
      vertex -4.073079e+000  4.690743e-001 -5.200000e+001
    endloop
  endfacet
  facet normal  9.989254e-001 -4.634693e-002  0.000000e+000
    outer loop
      vertex -4.099014e+000 -8.991216e-002 -1.259448e+001
      vertex -4.073079e+000  4.690743e-001 -5.200000e+001
      vertex -4.073079e+000  4.690743e-001 -1.259448e+001
    endloop
  endfacet
  facet normal  9.833103e-001 -1.819362e-001  0.000000e+000
    outer loop
      vertex -4.073079e+000  4.690743e-001 -1.259448e+001
      vertex -4.073079e+000  4.690743e-001 -5.200000e+001
      vertex -3.971269e+000  1.019323e+000 -5.200000e+001
    endloop
  endfacet
  facet normal  9.833103e-001 -1.819362e-001  0.000000e+000
    outer loop
      vertex -4.073079e+000  4.690743e-001 -1.259448e+001
      vertex -3.971269e+000  1.019323e+000 -5.200000e+001
      vertex -3.971269e+000  1.019323e+000 -1.259448e+001
    endloop
  endfacet
  facet normal  9.493782e-001 -3.141352e-001  0.000000e+000
    outer loop
      vertex -3.971269e+000  1.019323e+000 -1.259448e+001
      vertex -3.971269e+000  1.019323e+000 -5.200000e+001
      vertex -3.795483e+000  1.550583e+000 -5.200000e+001
    endloop
  endfacet
  facet normal  9.493782e-001 -3.141352e-001  0.000000e+000
    outer loop
      vertex -3.971269e+000  1.019323e+000 -1.259448e+001
      vertex -3.795483e+000  1.550583e+000 -5.200000e+001
      vertex -3.795483e+000  1.550583e+000 -1.259448e+001
    endloop
  endfacet
  facet normal  8.977607e-001 -4.404833e-001  0.000000e+000
    outer loop
      vertex -3.795483e+000  1.550583e+000 -1.259448e+001
      vertex -3.795483e+000  1.550583e+000 -5.200000e+001
      vertex -3.548994e+000  2.052959e+000 -5.200000e+001
    endloop
  endfacet
  facet normal  8.977607e-001 -4.404833e-001  0.000000e+000
    outer loop
      vertex -3.795483e+000  1.550583e+000 -1.259448e+001
      vertex -3.548994e+000  2.052959e+000 -5.200000e+001
      vertex -3.548994e+000  2.052959e+000 -1.259448e+001
    endloop
  endfacet
  facet normal  8.294199e-001 -5.586257e-001  0.000000e+000
    outer loop
      vertex -3.548994e+000  2.052959e+000 -1.259448e+001
      vertex -3.548994e+000  2.052959e+000 -5.200000e+001
      vertex -3.236394e+000  2.517092e+000 -5.200000e+001
    endloop
  endfacet
  facet normal  8.294199e-001 -5.586257e-001  0.000000e+000
    outer loop
      vertex -3.548994e+000  2.052959e+000 -1.259448e+001
      vertex -3.236394e+000  2.517092e+000 -5.200000e+001
      vertex -3.236394e+000  2.517092e+000 -1.259448e+001
    endloop
  endfacet
  facet normal  7.456284e-001 -6.663619e-001  0.000000e+000
    outer loop
      vertex -3.236394e+000  2.517092e+000 -1.259448e+001
      vertex -3.236394e+000  2.517092e+000 -5.200000e+001
      vertex -2.863506e+000  2.934337e+000 -5.200000e+001
    endloop
  endfacet
  facet normal  7.456284e-001 -6.663619e-001  0.000000e+000
    outer loop
      vertex -3.236394e+000  2.517092e+000 -1.259448e+001
      vertex -2.863506e+000  2.934337e+000 -5.200000e+001
      vertex -2.863506e+000  2.934337e+000 -1.259448e+001
    endloop
  endfacet
  facet normal  6.479473e-001 -7.616852e-001  0.000000e+000
    outer loop
      vertex -2.863506e+000  2.934337e+000 -1.259448e+001
      vertex -2.863506e+000  2.934337e+000 -5.200000e+001
      vertex -2.437276e+000  3.296921e+000 -5.200000e+001
    endloop
  endfacet
  facet normal  6.479473e-001 -7.616852e-001  0.000000e+000
    outer loop
      vertex -2.863506e+000  2.934337e+000 -1.259448e+001
      vertex -2.437276e+000  3.296921e+000 -5.200000e+001
      vertex -2.437276e+000  3.296921e+000 -1.259448e+001
    endloop
  endfacet
  facet normal  5.381963e-001 -8.428196e-001  0.000000e+000
    outer loop
      vertex -2.437276e+000  3.296921e+000 -1.259448e+001
      vertex -2.437276e+000  3.296921e+000 -5.200000e+001
      vertex -1.965645e+000  3.598089e+000 -5.200000e+001
    endloop
  endfacet
  facet normal  5.381963e-001 -8.428196e-001  0.000000e+000
    outer loop
      vertex -2.437276e+000  3.296921e+000 -1.259448e+001
      vertex -1.965645e+000  3.598089e+000 -5.200000e+001
      vertex -1.965645e+000  3.598089e+000 -1.259448e+001
    endloop
  endfacet
  facet normal -8.041271e-001 -5.944574e-001  -0.000000e+000
    outer loop
      vertex  3.455560e+000  2.206604e+000 -5.200000e+001
      vertex  3.122909e+000  2.656584e+000 -1.259448e+001
      vertex  3.122909e+000  2.656584e+000 -5.200000e+001
    endloop
  endfacet
  facet normal -7.156917e-001 -6.984162e-001  0.000000e+000
    outer loop
      vertex  3.122909e+000  2.656584e+000 -5.200000e+001
      vertex  3.122909e+000  2.656584e+000 -1.259448e+001
      vertex  2.732084e+000  3.057077e+000 -1.259448e+001
    endloop
  endfacet
  facet normal -7.156917e-001 -6.984162e-001  -0.000000e+000
    outer loop
      vertex  3.122909e+000  2.656584e+000 -5.200000e+001
      vertex  2.732084e+000  3.057077e+000 -1.259448e+001
      vertex  2.732084e+000  3.057077e+000 -5.200000e+001
    endloop
  endfacet
  facet normal -6.139251e-001 -7.893643e-001  0.000000e+000
    outer loop
      vertex  2.732084e+000  3.057077e+000 -5.200000e+001
      vertex  2.732084e+000  3.057077e+000 -1.259448e+001
      vertex  2.290365e+000  3.400622e+000 -1.259448e+001
    endloop
  endfacet
  facet normal -6.139251e-001 -7.893643e-001  -0.000000e+000
    outer loop
      vertex  2.732084e+000  3.057077e+000 -5.200000e+001
      vertex  2.290365e+000  3.400622e+000 -1.259448e+001
      vertex  2.290365e+000  3.400622e+000 -5.200000e+001
    endloop
  endfacet
  facet normal -5.007216e-001 -8.656085e-001  0.000000e+000
    outer loop
      vertex  2.290365e+000  3.400622e+000 -5.200000e+001
      vertex  2.290365e+000  3.400622e+000 -1.259448e+001
      vertex  1.805981e+000  3.680819e+000 -1.259448e+001
    endloop
  endfacet
  facet normal -5.007216e-001 -8.656085e-001  -0.000000e+000
    outer loop
      vertex  2.290365e+000  3.400622e+000 -5.200000e+001
      vertex  1.805981e+000  3.680819e+000 -1.259448e+001
      vertex  1.805981e+000  3.680819e+000 -5.200000e+001
    endloop
  endfacet
  facet normal -3.781913e-001 -9.257274e-001  0.000000e+000
    outer loop
      vertex  1.805981e+000  3.680819e+000 -5.200000e+001
      vertex  1.805981e+000  3.680819e+000 -1.259448e+001
      vertex  1.287956e+000  3.892451e+000 -1.259448e+001
    endloop
  endfacet
  facet normal -3.781913e-001 -9.257274e-001  -0.000000e+000
    outer loop
      vertex  1.805981e+000  3.680819e+000 -5.200000e+001
      vertex  1.287956e+000  3.892451e+000 -1.259448e+001
      vertex  1.287956e+000  3.892451e+000 -5.200000e+001
    endloop
  endfacet
  facet normal -2.486147e-001 -9.686024e-001  0.000000e+000
    outer loop
      vertex  1.287956e+000  3.892451e+000 -5.200000e+001
      vertex  1.287956e+000  3.892451e+000 -1.259448e+001
      vertex  7.459375e-001  4.031572e+000 -1.259448e+001
    endloop
  endfacet
  facet normal -2.486147e-001 -9.686024e-001  -0.000000e+000
    outer loop
      vertex  1.287956e+000  3.892451e+000 -5.200000e+001
      vertex  7.459375e-001  4.031572e+000 -1.259448e+001
      vertex  7.459375e-001  4.031572e+000 -5.200000e+001
    endloop
  endfacet
  facet normal -1.144085e-001 -9.934338e-001  0.000000e+000
    outer loop
      vertex  7.459375e-001  4.031572e+000 -5.200000e+001
      vertex  7.459375e-001  4.031572e+000 -1.259448e+001
      vertex  1.900241e-001  4.095594e+000 -1.259448e+001
    endloop
  endfacet
  facet normal -1.144085e-001 -9.934338e-001  -0.000000e+000
    outer loop
      vertex  7.459375e-001  4.031572e+000 -5.200000e+001
      vertex  1.900241e-001  4.095594e+000 -1.259448e+001
      vertex  1.900241e-001  4.095594e+000 -5.200000e+001
    endloop
  endfacet
  facet normal  2.192936e-002 -9.997595e-001  0.000000e+000
    outer loop
      vertex  1.900241e-001  4.095594e+000 -5.200000e+001
      vertex  1.900241e-001  4.095594e+000 -1.259448e+001
      vertex -3.694292e-001  4.083323e+000 -1.259448e+001
    endloop
  endfacet
  facet normal  2.192936e-002 -9.997595e-001  0.000000e+000
    outer loop
      vertex  1.900241e-001  4.095594e+000 -5.200000e+001
      vertex -3.694292e-001  4.083323e+000 -1.259448e+001
      vertex -3.694292e-001  4.083323e+000 -5.200000e+001
    endloop
  endfacet
  facet normal  1.578595e-001 -9.874615e-001  0.000000e+000
    outer loop
      vertex -3.694292e-001  4.083323e+000 -5.200000e+001
      vertex -3.694292e-001  4.083323e+000 -1.259448e+001
      vertex -9.220006e-001  3.994986e+000 -1.259448e+001
    endloop
  endfacet
  facet normal  1.578595e-001 -9.874615e-001  0.000000e+000
    outer loop
      vertex -3.694292e-001  4.083323e+000 -5.200000e+001
      vertex -9.220006e-001  3.994986e+000 -1.259448e+001
      vertex -9.220006e-001  3.994986e+000 -5.200000e+001
    endloop
  endfacet
  facet normal  2.908484e-001 -9.567691e-001  0.000000e+000
    outer loop
      vertex -9.220006e-001  3.994986e+000 -5.200000e+001
      vertex -9.220006e-001  3.994986e+000 -1.259448e+001
      vertex -1.457397e+000  3.832231e+000 -1.259448e+001
    endloop
  endfacet
  facet normal  2.908484e-001 -9.567691e-001  0.000000e+000
    outer loop
      vertex -9.220006e-001  3.994986e+000 -5.200000e+001
      vertex -1.457397e+000  3.832231e+000 -1.259448e+001
      vertex -1.457397e+000  3.832231e+000 -5.200000e+001
    endloop
  endfacet
  facet normal  4.184197e-001 -9.082538e-001  0.000000e+000
    outer loop
      vertex -1.457397e+000  3.832231e+000 -5.200000e+001
      vertex -1.457397e+000  3.832231e+000 -1.259448e+001
      vertex -1.965645e+000  3.598089e+000 -1.259448e+001
    endloop
  endfacet
  facet normal  4.184197e-001 -9.082538e-001  0.000000e+000
    outer loop
      vertex -1.457397e+000  3.832231e+000 -5.200000e+001
      vertex -1.965645e+000  3.598089e+000 -1.259448e+001
      vertex -1.965645e+000  3.598089e+000 -5.200000e+001
    endloop
  endfacet
  facet normal -8.041271e-001 -5.944574e-001  0.000000e+000
    outer loop
      vertex  3.122909e+000  2.656584e+000 -1.259448e+001
      vertex  3.455560e+000  2.206604e+000 -5.200000e+001
      vertex  3.455560e+000  2.206604e+000 -1.259448e+001
    endloop
  endfacet
  facet normal -8.775824e-001 -4.794257e-001  -0.000000e+000
    outer loop
      vertex  3.455560e+000  2.206604e+000 -1.259448e+001
      vertex  3.455560e+000  2.206604e+000 -5.200000e+001
      vertex  3.723841e+000  1.715520e+000 -5.200000e+001
    endloop
  endfacet
  facet normal -8.775824e-001 -4.794257e-001  0.000000e+000
    outer loop
      vertex  3.455560e+000  2.206604e+000 -1.259448e+001
      vertex  3.723841e+000  1.715520e+000 -5.200000e+001
      vertex  3.723841e+000  1.715520e+000 -1.259448e+001
    endloop
  endfacet
  facet normal -9.346905e-001 -3.554623e-001  -0.000000e+000
    outer loop
      vertex  3.723841e+000  1.715520e+000 -1.259448e+001
      vertex  3.723841e+000  1.715520e+000 -5.200000e+001
      vertex  3.922753e+000  1.192479e+000 -5.200000e+001
    endloop
  endfacet
  facet normal -9.346905e-001 -3.554623e-001  0.000000e+000
    outer loop
      vertex  3.723841e+000  1.715520e+000 -1.259448e+001
      vertex  3.922753e+000  1.192479e+000 -5.200000e+001
      vertex  3.922753e+000  1.192479e+000 -1.259448e+001
    endloop
  endfacet
  facet normal -9.743868e-001 -2.248784e-001  -0.000000e+000
    outer loop
      vertex  3.922753e+000  1.192479e+000 -1.259448e+001
      vertex  3.922753e+000  1.192479e+000 -5.200000e+001
      vertex  4.048593e+000  6.472237e-001 -5.200000e+001
    endloop
  endfacet
  facet normal -9.743868e-001 -2.248784e-001  0.000000e+000
    outer loop
      vertex  3.922753e+000  1.192479e+000 -1.259448e+001
      vertex  4.048593e+000  6.472237e-001 -5.200000e+001
      vertex  4.048593e+000  6.472237e-001 -1.259448e+001
    endloop
  endfacet
  facet normal -9.959323e-001 -9.010426e-002  -0.000000e+000
    outer loop
      vertex  4.048593e+000  6.472237e-001 -1.259448e+001
      vertex  4.048593e+000  6.472237e-001 -5.200000e+001
      vertex  4.099014e+000  8.991216e-002 -5.200000e+001
    endloop
  endfacet
  facet normal -9.959323e-001 -9.010426e-002  0.000000e+000
    outer loop
      vertex  4.048593e+000  6.472237e-001 -1.259448e+001
      vertex  4.099014e+000  8.991216e-002 -5.200000e+001
      vertex  4.099014e+000  8.991216e-002 -1.259448e+001
    endloop
  endfacet
  facet normal -9.989254e-001  4.634693e-002  0.000000e+000
    outer loop
      vertex  4.099014e+000  8.991216e-002 -1.259448e+001
      vertex  4.099014e+000  8.991216e-002 -5.200000e+001
      vertex  4.073079e+000 -4.690743e-001 -5.200000e+001
    endloop
  endfacet
  facet normal -9.989254e-001  4.634693e-002  0.000000e+000
    outer loop
      vertex  4.099014e+000  8.991216e-002 -1.259448e+001
      vertex  4.073079e+000 -4.690743e-001 -5.200000e+001
      vertex  4.073079e+000 -4.690743e-001 -1.259448e+001
    endloop
  endfacet
  facet normal -9.833103e-001  1.819362e-001  0.000000e+000
    outer loop
      vertex  4.073079e+000 -4.690743e-001 -1.259448e+001
      vertex  4.073079e+000 -4.690743e-001 -5.200000e+001
      vertex  3.971269e+000 -1.019323e+000 -5.200000e+001
    endloop
  endfacet
  facet normal -9.833103e-001  1.819362e-001  0.000000e+000
    outer loop
      vertex  4.073079e+000 -4.690743e-001 -1.259448e+001
      vertex  3.971269e+000 -1.019323e+000 -5.200000e+001
      vertex  3.971269e+000 -1.019323e+000 -1.259448e+001
    endloop
  endfacet
  facet normal -9.493782e-001  3.141352e-001  0.000000e+000
    outer loop
      vertex  3.971269e+000 -1.019323e+000 -1.259448e+001
      vertex  3.971269e+000 -1.019323e+000 -5.200000e+001
      vertex  3.795483e+000 -1.550583e+000 -5.200000e+001
    endloop
  endfacet
  facet normal -9.493782e-001  3.141352e-001  0.000000e+000
    outer loop
      vertex  3.971269e+000 -1.019323e+000 -1.259448e+001
      vertex  3.795483e+000 -1.550583e+000 -5.200000e+001
      vertex  3.795483e+000 -1.550583e+000 -1.259448e+001
    endloop
  endfacet
  facet normal -8.977607e-001  4.404833e-001  0.000000e+000
    outer loop
      vertex  3.795483e+000 -1.550583e+000 -1.259448e+001
      vertex  3.795483e+000 -1.550583e+000 -5.200000e+001
      vertex  3.548994e+000 -2.052959e+000 -5.200000e+001
    endloop
  endfacet
  facet normal -8.977607e-001  4.404833e-001  0.000000e+000
    outer loop
      vertex  3.795483e+000 -1.550583e+000 -1.259448e+001
      vertex  3.548994e+000 -2.052959e+000 -5.200000e+001
      vertex  3.548994e+000 -2.052959e+000 -1.259448e+001
    endloop
  endfacet
  facet normal -8.294199e-001  5.586257e-001  0.000000e+000
    outer loop
      vertex  3.548994e+000 -2.052959e+000 -1.259448e+001
      vertex  3.548994e+000 -2.052959e+000 -5.200000e+001
      vertex  3.236394e+000 -2.517092e+000 -5.200000e+001
    endloop
  endfacet
  facet normal -8.294199e-001  5.586257e-001  0.000000e+000
    outer loop
      vertex  3.548994e+000 -2.052959e+000 -1.259448e+001
      vertex  3.236394e+000 -2.517092e+000 -5.200000e+001
      vertex  3.236394e+000 -2.517092e+000 -1.259448e+001
    endloop
  endfacet
  facet normal -7.456284e-001  6.663619e-001  0.000000e+000
    outer loop
      vertex  3.236394e+000 -2.517092e+000 -1.259448e+001
      vertex  3.236394e+000 -2.517092e+000 -5.200000e+001
      vertex  2.863506e+000 -2.934337e+000 -5.200000e+001
    endloop
  endfacet
  facet normal -7.456284e-001  6.663619e-001  0.000000e+000
    outer loop
      vertex  3.236394e+000 -2.517092e+000 -1.259448e+001
      vertex  2.863506e+000 -2.934337e+000 -5.200000e+001
      vertex  2.863506e+000 -2.934337e+000 -1.259448e+001
    endloop
  endfacet
  facet normal -6.479473e-001  7.616852e-001  0.000000e+000
    outer loop
      vertex  2.863506e+000 -2.934337e+000 -1.259448e+001
      vertex  2.863506e+000 -2.934337e+000 -5.200000e+001
      vertex  2.437276e+000 -3.296921e+000 -5.200000e+001
    endloop
  endfacet
  facet normal -6.479473e-001  7.616852e-001  0.000000e+000
    outer loop
      vertex  2.863506e+000 -2.934337e+000 -1.259448e+001
      vertex  2.437276e+000 -3.296921e+000 -5.200000e+001
      vertex  2.437276e+000 -3.296921e+000 -1.259448e+001
    endloop
  endfacet
  facet normal -5.381963e-001  8.428196e-001  0.000000e+000
    outer loop
      vertex  2.437276e+000 -3.296921e+000 -1.259448e+001
      vertex  2.437276e+000 -3.296921e+000 -5.200000e+001
      vertex  1.965645e+000 -3.598089e+000 -5.200000e+001
    endloop
  endfacet
  facet normal -5.381963e-001  8.428196e-001  0.000000e+000
    outer loop
      vertex  2.437276e+000 -3.296921e+000 -1.259448e+001
      vertex  1.965645e+000 -3.598089e+000 -5.200000e+001
      vertex  1.965645e+000 -3.598089e+000 -1.259448e+001
    endloop
  endfacet
  facet normal -3.932930e-001  8.537120e-001 -3.413158e-001
    outer loop
      vertex  1.965645e+000 -3.598089e+000 -1.259448e+001
      vertex  1.457397e+000 -3.832231e+000 -1.259448e+001
      vertex  1.677989e-001 -3.071539e-001 -2.291438e+000
    endloop
  endfacet
  facet normal -3.675280e-001  8.648810e-001 -3.419122e-001
    outer loop
      vertex  1.457397e+000 -3.832231e+000 -1.259448e+001
      vertex  1.046520e-001 -3.339880e-001 -2.291438e+000
      vertex  1.677989e-001 -3.071539e-001 -2.291438e+000
    endloop
  endfacet
  facet normal  5.291964e-001 -7.765611e-001 -3.419122e-001
    outer loop
      vertex -2.244975e-001  2.685161e-001 -2.291438e+000
      vertex -2.437276e+000  3.296921e+000 -1.259448e+001
      vertex -1.677989e-001  3.071539e-001 -2.291438e+000
    endloop
  endfacet
  facet normal  5.058768e-001 -7.922072e-001 -3.413158e-001
    outer loop
      vertex -2.437276e+000  3.296921e+000 -1.259448e+001
      vertex -1.965645e+000  3.598089e+000 -1.259448e+001
      vertex -1.677989e-001  3.071539e-001 -2.291438e+000
    endloop
  endfacet
  facet normal -2.733895e-001  8.993364e-001 -3.412511e-001
    outer loop
      vertex  1.457397e+000 -3.832231e+000 -1.259448e+001
      vertex  9.220006e-001 -3.994986e+000 -1.259448e+001
      vertex  1.046520e-001 -3.339880e-001 -2.291438e+000
    endloop
  endfacet
  facet normal -1.483815e-001  9.281735e-001 -3.412870e-001
    outer loop
      vertex  9.220006e-001 -3.994986e+000 -1.259448e+001
      vertex  3.694292e-001 -4.083323e+000 -1.259448e+001
      vertex  3.748330e-002 -3.479871e-001 -2.291438e+000
    endloop
  endfacet
  facet normal -1.917252e-001  9.199034e-001 -3.420807e-001
    outer loop
      vertex  1.046520e-001 -3.339880e-001 -2.291438e+000
      vertex  9.220006e-001 -3.994986e+000 -1.259448e+001
      vertex  3.748330e-002 -3.479871e-001 -2.291438e+000
    endloop
  endfacet
  facet normal  1.075405e-001  9.337972e-001 -3.412593e-001
    outer loop
      vertex -1.900241e-001 -4.095594e+000 -1.259448e+001
      vertex -7.459375e-001 -4.031572e+000 -1.259448e+001
      vertex -3.112584e-002 -3.486132e-001 -2.291438e+000
    endloop
  endfacet
  facet normal -8.575970e-003  9.397890e-001 -3.416476e-001
    outer loop
      vertex  3.748330e-002 -3.479871e-001 -2.291438e+000
      vertex -1.900241e-001 -4.095594e+000 -1.259448e+001
      vertex -3.112584e-002 -3.486132e-001 -2.291438e+000
    endloop
  endfacet
  facet normal -2.061218e-002  9.397092e-001 -3.413527e-001
    outer loop
      vertex  3.694292e-001 -4.083323e+000 -1.259448e+001
      vertex -1.900241e-001 -4.095594e+000 -1.259448e+001
      vertex  3.748330e-002 -3.479871e-001 -2.291438e+000
    endloop
  endfacet
  facet normal  2.336896e-001  9.104539e-001 -3.412664e-001
    outer loop
      vertex -7.459375e-001 -4.031572e+000 -1.259448e+001
      vertex -1.287956e+000 -3.892451e+000 -1.259448e+001
      vertex -9.853884e-002 -3.358424e-001 -2.291438e+000
    endloop
  endfacet
  facet normal  1.748980e-001  9.232237e-001 -3.421528e-001
    outer loop
      vertex -3.112584e-002 -3.486132e-001 -2.291438e+000
      vertex -7.459375e-001 -4.031572e+000 -1.259448e+001
      vertex -9.853884e-002 -3.358424e-001 -2.291438e+000
    endloop
  endfacet
  facet normal  4.706599e-001  8.136401e-001 -3.412758e-001
    outer loop
      vertex -1.805981e+000 -3.680819e+000 -1.259448e+001
      vertex -2.290365e+000 -3.400622e+000 -1.259448e+001
      vertex -1.621650e-001 -3.101653e-001 -2.291438e+000
    endloop
  endfacet
  facet normal  3.517682e-001  8.716551e-001 -3.412866e-001
    outer loop
      vertex -9.853884e-002 -3.358424e-001 -2.291438e+000
      vertex -1.805981e+000 -3.680819e+000 -1.259448e+001
      vertex -1.621650e-001 -3.101653e-001 -2.291438e+000
    endloop
  endfacet
  facet normal  3.554692e-001  8.701087e-001 -3.413979e-001
    outer loop
      vertex -1.287956e+000 -3.892451e+000 -1.259448e+001
      vertex -1.805981e+000 -3.680819e+000 -1.259448e+001
      vertex -9.853884e-002 -3.358424e-001 -2.291438e+000
    endloop
  endfacet
  facet normal  5.770718e-001  7.419796e-001 -3.412541e-001
    outer loop
      vertex -2.290365e+000 -3.400622e+000 -1.259448e+001
      vertex -2.732084e+000 -3.057077e+000 -1.259448e+001
      vertex -2.195593e-001 -2.725687e-001 -2.291438e+000
    endloop
  endfacet
  facet normal  5.148891e-001  7.860262e-001 -3.421288e-001
    outer loop
      vertex -1.621650e-001 -3.101653e-001 -2.291438e+000
      vertex -2.290365e+000 -3.400622e+000 -1.259448e+001
      vertex -2.195593e-001 -2.725687e-001 -2.291438e+000
    endloop
  endfacet
  facet normal  7.558427e-001  5.587628e-001 -3.413004e-001
    outer loop
      vertex -3.122909e+000 -2.656584e+000 -1.259448e+001
      vertex -3.455560e+000 -2.206604e+000 -1.259448e+001
      vertex -2.685161e-001 -2.244975e-001 -2.291438e+000
    endloop
  endfacet
  facet normal  6.586747e-001  6.708077e-001 -3.408294e-001
    outer loop
      vertex -2.195593e-001 -2.725687e-001 -2.291438e+000
      vertex -3.122909e+000 -2.656584e+000 -1.259448e+001
      vertex -2.685161e-001 -2.244975e-001 -2.291438e+000
    endloop
  endfacet
  facet normal  6.726784e-001  6.564411e-001 -3.414513e-001
    outer loop
      vertex -2.732084e+000 -3.057077e+000 -1.259448e+001
      vertex -3.122909e+000 -2.656584e+000 -1.259448e+001
      vertex -2.195593e-001 -2.725687e-001 -2.291438e+000
    endloop
  endfacet
  facet normal  8.249034e-001  4.506470e-001 -3.412500e-001
    outer loop
      vertex -3.455560e+000 -2.206604e+000 -1.259448e+001
      vertex -3.723841e+000 -1.715520e+000 -1.259448e+001
      vertex -3.071539e-001 -1.677989e-001 -2.291438e+000
    endloop
  endfacet
  facet normal  7.765318e-001  5.291775e-001 -3.420085e-001
    outer loop
      vertex -2.685161e-001 -2.244975e-001 -2.291438e+000
      vertex -3.455560e+000 -2.206604e+000 -1.259448e+001
      vertex -3.071539e-001 -1.677989e-001 -2.291438e+000
    endloop
  endfacet
  facet normal  8.785664e-001  3.341183e-001 -3.413004e-001
    outer loop
      vertex -3.723841e+000 -1.715520e+000 -1.259448e+001
      vertex -3.922753e+000 -1.192479e+000 -1.259448e+001
      vertex -3.339880e-001 -1.046520e-001 -2.291438e+000
    endloop
  endfacet
  facet normal  8.648493e-001  3.675131e-001 -3.420084e-001
    outer loop
      vertex -3.071539e-001 -1.677989e-001 -2.291438e+000
      vertex -3.723841e+000 -1.715520e+000 -1.259448e+001
      vertex -3.339880e-001 -1.046520e-001 -2.291438e+000
    endloop
  endfacet
  facet normal  9.361476e-001  8.469539e-002 -3.412541e-001
    outer loop
      vertex -4.048593e+000 -6.472237e-001 -1.259448e+001
      vertex -4.099014e+000 -8.991216e-002 -1.259448e+001
      vertex -3.479871e-001 -3.748330e-002 -2.291438e+000
    endloop
  endfacet
  facet normal  9.200063e-001  1.917466e-001 -3.417919e-001
    outer loop
      vertex -3.339880e-001 -1.046520e-001 -2.291438e+000
      vertex -4.048593e+000 -6.472237e-001 -1.259448e+001
      vertex -3.479871e-001 -3.748330e-002 -2.291438e+000
    endloop
  endfacet
  facet normal  9.158675e-001  2.113728e-001 -3.413332e-001
    outer loop
      vertex -3.922753e+000 -1.192479e+000 -1.259448e+001
      vertex -4.048593e+000 -6.472237e-001 -1.259448e+001
      vertex -3.339880e-001 -1.046520e-001 -2.291438e+000
    endloop
  endfacet
  facet normal  9.389532e-001 -4.356441e-002 -3.412758e-001
    outer loop
      vertex -4.099014e+000 -8.991216e-002 -1.259448e+001
      vertex -4.073079e+000  4.690743e-001 -1.259448e+001
      vertex -3.486132e-001  3.112584e-002 -2.291438e+000
    endloop
  endfacet
  facet normal  9.396139e-001  8.574371e-003 -3.421288e-001
    outer loop
      vertex -3.479871e-001 -3.748330e-002 -2.291438e+000
      vertex -4.099014e+000 -8.991216e-002 -1.259448e+001
      vertex -3.486132e-001  3.112584e-002 -2.291438e+000
    endloop
  endfacet
  facet normal  8.923838e-001 -2.952766e-001 -3.412665e-001
    outer loop
      vertex -3.971269e+000  1.019323e+000 -1.259448e+001
      vertex -3.795483e+000  1.550583e+000 -1.259448e+001
      vertex -3.358424e-001  9.853884e-002 -2.291438e+000
    endloop
  endfacet
  facet normal  9.234645e-001 -1.749436e-001 -3.414791e-001
    outer loop
      vertex -3.486132e-001  3.112584e-002 -2.291438e+000
      vertex -3.971269e+000  1.019323e+000 -1.259448e+001
      vertex -3.358424e-001  9.853884e-002 -2.291438e+000
    endloop
  endfacet
  facet normal  9.242404e-001 -1.710068e-001 -3.413743e-001
    outer loop
      vertex -4.073079e+000  4.690743e-001 -1.259448e+001
      vertex -3.971269e+000  1.019323e+000 -1.259448e+001
      vertex -3.486132e-001  3.112584e-002 -2.291438e+000
    endloop
  endfacet
  facet normal  8.438675e-001 -4.140407e-001 -3.412593e-001
    outer loop
      vertex -3.795483e+000  1.550583e+000 -1.259448e+001
      vertex -3.548994e+000  2.052959e+000 -1.259448e+001
      vertex -3.101653e-001  1.621650e-001 -2.291438e+000
    endloop
  endfacet
  facet normal  8.713642e-001 -3.516475e-001 -3.421528e-001
    outer loop
      vertex -3.358424e-001  9.853884e-002 -2.291438e+000
      vertex -3.795483e+000  1.550583e+000 -1.259448e+001
      vertex -3.101653e-001  1.621650e-001 -2.291438e+000
    endloop
  endfacet
  facet normal  7.008603e-001 -6.263530e-001 -3.412870e-001
    outer loop
      vertex -3.236394e+000  2.517092e+000 -1.259448e+001
      vertex -2.863506e+000  2.934337e+000 -1.259448e+001
      vertex -2.725687e-001  2.195593e-001 -2.291438e+000
    endloop
  endfacet
  facet normal  7.863465e-001 -5.151022e-001 -3.410700e-001
    outer loop
      vertex -3.101653e-001  1.621650e-001 -2.291438e+000
      vertex -3.236394e+000  2.517092e+000 -1.259448e+001
      vertex -2.725687e-001  2.195593e-001 -2.291438e+000
    endloop
  endfacet
  facet normal  7.795797e-001 -5.250577e-001 -3.414236e-001
    outer loop
      vertex -3.548994e+000  2.052959e+000 -1.259448e+001
      vertex -3.236394e+000  2.517092e+000 -1.259448e+001
      vertex -3.101653e-001  1.621650e-001 -2.291438e+000
    endloop
  endfacet
  facet normal  6.090524e-001 -7.159628e-001 -3.412510e-001
    outer loop
      vertex -2.863506e+000  2.934337e+000 -1.259448e+001
      vertex -2.437276e+000  3.296921e+000 -1.259448e+001
      vertex -2.244975e-001  2.685161e-001 -2.291438e+000
    endloop
  endfacet
  facet normal  6.704834e-001 -6.583562e-001 -3.420807e-001
    outer loop
      vertex -2.725687e-001  2.195593e-001 -2.291438e+000
      vertex -2.863506e+000  2.934337e+000 -1.259448e+001
      vertex -2.244975e-001  2.685161e-001 -2.291438e+000
    endloop
  endfacet
  facet normal  3.932930e-001 -8.537120e-001 -3.413158e-001
    outer loop
      vertex -1.965645e+000  3.598089e+000 -1.259448e+001
      vertex -1.457397e+000  3.832231e+000 -1.259448e+001
      vertex -1.677989e-001  3.071539e-001 -2.291438e+000
    endloop
  endfacet
  facet normal  3.675280e-001 -8.648810e-001 -3.419122e-001
    outer loop
      vertex -1.457397e+000  3.832231e+000 -1.259448e+001
      vertex -1.046520e-001  3.339880e-001 -2.291438e+000
      vertex -1.677989e-001  3.071539e-001 -2.291438e+000
    endloop
  endfacet
  facet normal -5.291964e-001  7.765611e-001 -3.419122e-001
    outer loop
      vertex  2.244975e-001 -2.685161e-001 -2.291438e+000
      vertex  2.437276e+000 -3.296921e+000 -1.259448e+001
      vertex  1.677989e-001 -3.071539e-001 -2.291438e+000
    endloop
  endfacet
  facet normal -5.058768e-001  7.922072e-001 -3.413158e-001
    outer loop
      vertex  2.437276e+000 -3.296921e+000 -1.259448e+001
      vertex  1.965645e+000 -3.598089e+000 -1.259448e+001
      vertex  1.677989e-001 -3.071539e-001 -2.291438e+000
    endloop
  endfacet
  facet normal  2.733895e-001 -8.993364e-001 -3.412511e-001
    outer loop
      vertex -1.457397e+000  3.832231e+000 -1.259448e+001
      vertex -9.220006e-001  3.994986e+000 -1.259448e+001
      vertex -1.046520e-001  3.339880e-001 -2.291438e+000
    endloop
  endfacet
  facet normal  1.483815e-001 -9.281735e-001 -3.412870e-001
    outer loop
      vertex -9.220006e-001  3.994986e+000 -1.259448e+001
      vertex -3.694292e-001  4.083323e+000 -1.259448e+001
      vertex -3.748330e-002  3.479871e-001 -2.291438e+000
    endloop
  endfacet
  facet normal  1.917252e-001 -9.199034e-001 -3.420807e-001
    outer loop
      vertex -1.046520e-001  3.339880e-001 -2.291438e+000
      vertex -9.220006e-001  3.994986e+000 -1.259448e+001
      vertex -3.748330e-002  3.479871e-001 -2.291438e+000
    endloop
  endfacet
  facet normal -1.075405e-001 -9.337972e-001 -3.412593e-001
    outer loop
      vertex  1.900241e-001  4.095594e+000 -1.259448e+001
      vertex  7.459375e-001  4.031572e+000 -1.259448e+001
      vertex  3.112584e-002  3.486132e-001 -2.291438e+000
    endloop
  endfacet
  facet normal  8.575970e-003 -9.397890e-001 -3.416476e-001
    outer loop
      vertex -3.748330e-002  3.479871e-001 -2.291438e+000
      vertex  1.900241e-001  4.095594e+000 -1.259448e+001
      vertex  3.112584e-002  3.486132e-001 -2.291438e+000
    endloop
  endfacet
  facet normal  2.061218e-002 -9.397092e-001 -3.413527e-001
    outer loop
      vertex -3.694292e-001  4.083323e+000 -1.259448e+001
      vertex  1.900241e-001  4.095594e+000 -1.259448e+001
      vertex -3.748330e-002  3.479871e-001 -2.291438e+000
    endloop
  endfacet
  facet normal -2.336896e-001 -9.104539e-001 -3.412664e-001
    outer loop
      vertex  7.459375e-001  4.031572e+000 -1.259448e+001
      vertex  1.287956e+000  3.892451e+000 -1.259448e+001
      vertex  9.853884e-002  3.358424e-001 -2.291438e+000
    endloop
  endfacet
  facet normal -1.748980e-001 -9.232237e-001 -3.421528e-001
    outer loop
      vertex  3.112584e-002  3.486132e-001 -2.291438e+000
      vertex  7.459375e-001  4.031572e+000 -1.259448e+001
      vertex  9.853884e-002  3.358424e-001 -2.291438e+000
    endloop
  endfacet
  facet normal -4.706599e-001 -8.136401e-001 -3.412758e-001
    outer loop
      vertex  1.805981e+000  3.680819e+000 -1.259448e+001
      vertex  2.290365e+000  3.400622e+000 -1.259448e+001
      vertex  1.621650e-001  3.101653e-001 -2.291438e+000
    endloop
  endfacet
  facet normal -3.517682e-001 -8.716551e-001 -3.412866e-001
    outer loop
      vertex  9.853884e-002  3.358424e-001 -2.291438e+000
      vertex  1.805981e+000  3.680819e+000 -1.259448e+001
      vertex  1.621650e-001  3.101653e-001 -2.291438e+000
    endloop
  endfacet
  facet normal -3.554692e-001 -8.701087e-001 -3.413979e-001
    outer loop
      vertex  1.287956e+000  3.892451e+000 -1.259448e+001
      vertex  1.805981e+000  3.680819e+000 -1.259448e+001
      vertex  9.853884e-002  3.358424e-001 -2.291438e+000
    endloop
  endfacet
  facet normal -5.770718e-001 -7.419796e-001 -3.412541e-001
    outer loop
      vertex  2.290365e+000  3.400622e+000 -1.259448e+001
      vertex  2.732084e+000  3.057077e+000 -1.259448e+001
      vertex  2.195593e-001  2.725687e-001 -2.291438e+000
    endloop
  endfacet
  facet normal -5.148891e-001 -7.860262e-001 -3.421288e-001
    outer loop
      vertex  1.621650e-001  3.101653e-001 -2.291438e+000
      vertex  2.290365e+000  3.400622e+000 -1.259448e+001
      vertex  2.195593e-001  2.725687e-001 -2.291438e+000
    endloop
  endfacet
  facet normal -7.558427e-001 -5.587628e-001 -3.413004e-001
    outer loop
      vertex  3.122909e+000  2.656584e+000 -1.259448e+001
      vertex  3.455560e+000  2.206604e+000 -1.259448e+001
      vertex  2.685161e-001  2.244975e-001 -2.291438e+000
    endloop
  endfacet
  facet normal -6.586747e-001 -6.708077e-001 -3.408294e-001
    outer loop
      vertex  2.195593e-001  2.725687e-001 -2.291438e+000
      vertex  3.122909e+000  2.656584e+000 -1.259448e+001
      vertex  2.685161e-001  2.244975e-001 -2.291438e+000
    endloop
  endfacet
  facet normal -6.726784e-001 -6.564411e-001 -3.414513e-001
    outer loop
      vertex  2.732084e+000  3.057077e+000 -1.259448e+001
      vertex  3.122909e+000  2.656584e+000 -1.259448e+001
      vertex  2.195593e-001  2.725687e-001 -2.291438e+000
    endloop
  endfacet
  facet normal -8.249034e-001 -4.506470e-001 -3.412500e-001
    outer loop
      vertex  3.455560e+000  2.206604e+000 -1.259448e+001
      vertex  3.723841e+000  1.715520e+000 -1.259448e+001
      vertex  3.071539e-001  1.677989e-001 -2.291438e+000
    endloop
  endfacet
  facet normal -7.765318e-001 -5.291775e-001 -3.420085e-001
    outer loop
      vertex  2.685161e-001  2.244975e-001 -2.291438e+000
      vertex  3.455560e+000  2.206604e+000 -1.259448e+001
      vertex  3.071539e-001  1.677989e-001 -2.291438e+000
    endloop
  endfacet
  facet normal -8.785664e-001 -3.341183e-001 -3.413004e-001
    outer loop
      vertex  3.723841e+000  1.715520e+000 -1.259448e+001
      vertex  3.922753e+000  1.192479e+000 -1.259448e+001
      vertex  3.339880e-001  1.046520e-001 -2.291438e+000
    endloop
  endfacet
  facet normal -8.648493e-001 -3.675131e-001 -3.420084e-001
    outer loop
      vertex  3.071539e-001  1.677989e-001 -2.291438e+000
      vertex  3.723841e+000  1.715520e+000 -1.259448e+001
      vertex  3.339880e-001  1.046520e-001 -2.291438e+000
    endloop
  endfacet
  facet normal -9.361476e-001 -8.469539e-002 -3.412541e-001
    outer loop
      vertex  4.048593e+000  6.472237e-001 -1.259448e+001
      vertex  4.099014e+000  8.991216e-002 -1.259448e+001
      vertex  3.479871e-001  3.748330e-002 -2.291438e+000
    endloop
  endfacet
  facet normal -9.200063e-001 -1.917466e-001 -3.417919e-001
    outer loop
      vertex  3.339880e-001  1.046520e-001 -2.291438e+000
      vertex  4.048593e+000  6.472237e-001 -1.259448e+001
      vertex  3.479871e-001  3.748330e-002 -2.291438e+000
    endloop
  endfacet
  facet normal -9.158675e-001 -2.113728e-001 -3.413332e-001
    outer loop
      vertex  3.922753e+000  1.192479e+000 -1.259448e+001
      vertex  4.048593e+000  6.472237e-001 -1.259448e+001
      vertex  3.339880e-001  1.046520e-001 -2.291438e+000
    endloop
  endfacet
  facet normal -9.389532e-001  4.356441e-002 -3.412758e-001
    outer loop
      vertex  4.099014e+000  8.991216e-002 -1.259448e+001
      vertex  4.073079e+000 -4.690743e-001 -1.259448e+001
      vertex  3.486132e-001 -3.112584e-002 -2.291438e+000
    endloop
  endfacet
  facet normal -9.396139e-001 -8.574371e-003 -3.421288e-001
    outer loop
      vertex  3.479871e-001  3.748330e-002 -2.291438e+000
      vertex  4.099014e+000  8.991216e-002 -1.259448e+001
      vertex  3.486132e-001 -3.112584e-002 -2.291438e+000
    endloop
  endfacet
  facet normal -8.923838e-001  2.952766e-001 -3.412665e-001
    outer loop
      vertex  3.971269e+000 -1.019323e+000 -1.259448e+001
      vertex  3.795483e+000 -1.550583e+000 -1.259448e+001
      vertex  3.358424e-001 -9.853884e-002 -2.291438e+000
    endloop
  endfacet
  facet normal -9.234645e-001  1.749436e-001 -3.414791e-001
    outer loop
      vertex  3.486132e-001 -3.112584e-002 -2.291438e+000
      vertex  3.971269e+000 -1.019323e+000 -1.259448e+001
      vertex  3.358424e-001 -9.853884e-002 -2.291438e+000
    endloop
  endfacet
  facet normal -9.242404e-001  1.710068e-001 -3.413743e-001
    outer loop
      vertex  4.073079e+000 -4.690743e-001 -1.259448e+001
      vertex  3.971269e+000 -1.019323e+000 -1.259448e+001
      vertex  3.486132e-001 -3.112584e-002 -2.291438e+000
    endloop
  endfacet
  facet normal -8.438675e-001  4.140407e-001 -3.412593e-001
    outer loop
      vertex  3.795483e+000 -1.550583e+000 -1.259448e+001
      vertex  3.548994e+000 -2.052959e+000 -1.259448e+001
      vertex  3.101653e-001 -1.621650e-001 -2.291438e+000
    endloop
  endfacet
  facet normal -8.713642e-001  3.516475e-001 -3.421528e-001
    outer loop
      vertex  3.358424e-001 -9.853884e-002 -2.291438e+000
      vertex  3.795483e+000 -1.550583e+000 -1.259448e+001
      vertex  3.101653e-001 -1.621650e-001 -2.291438e+000
    endloop
  endfacet
  facet normal -7.008603e-001  6.263530e-001 -3.412870e-001
    outer loop
      vertex  3.236394e+000 -2.517092e+000 -1.259448e+001
      vertex  2.863506e+000 -2.934337e+000 -1.259448e+001
      vertex  2.725687e-001 -2.195593e-001 -2.291438e+000
    endloop
  endfacet
  facet normal -7.863465e-001  5.151022e-001 -3.410700e-001
    outer loop
      vertex  3.101653e-001 -1.621650e-001 -2.291438e+000
      vertex  3.236394e+000 -2.517092e+000 -1.259448e+001
      vertex  2.725687e-001 -2.195593e-001 -2.291438e+000
    endloop
  endfacet
  facet normal -7.795797e-001  5.250577e-001 -3.414236e-001
    outer loop
      vertex  3.548994e+000 -2.052959e+000 -1.259448e+001
      vertex  3.236394e+000 -2.517092e+000 -1.259448e+001
      vertex  3.101653e-001 -1.621650e-001 -2.291438e+000
    endloop
  endfacet
  facet normal -6.090524e-001  7.159628e-001 -3.412510e-001
    outer loop
      vertex  2.863506e+000 -2.934337e+000 -1.259448e+001
      vertex  2.437276e+000 -3.296921e+000 -1.259448e+001
      vertex  2.244975e-001 -2.685161e-001 -2.291438e+000
    endloop
  endfacet
  facet normal -6.704834e-001  6.583562e-001 -3.420807e-001
    outer loop
      vertex  2.725687e-001 -2.195593e-001 -2.291438e+000
      vertex  2.863506e+000 -2.934337e+000 -1.259448e+001
      vertex  2.244975e-001 -2.685161e-001 -2.291438e+000
    endloop
  endfacet
  facet normal  -0.000000e+000  -0.000000e+000  1.000000e+000
    outer loop
      vertex -4.324982e+000 -4.658639e-001 -1.717355e+000
      vertex -4.227174e+000 -1.026402e+000 -1.717355e+000
      vertex -4.057037e+000 -1.569378e+000 -1.717355e+000
    endloop
  endfacet
  facet normal  -0.000000e+000  -0.000000e+000  1.000000e+000
    outer loop
      vertex -4.324982e+000 -4.658639e-001 -1.717355e+000
      vertex -4.057037e+000 -1.569378e+000 -1.717355e+000
      vertex -3.817484e+000 -2.085501e+000 -1.717355e+000
    endloop
  endfacet
  facet normal  -0.000000e+000  -0.000000e+000  1.000000e+000
    outer loop
      vertex -4.324982e+000 -4.658639e-001 -1.717355e+000
      vertex -3.817484e+000 -2.085501e+000 -1.717355e+000
      vertex -3.512613e+000 -2.565941e+000 -1.717355e+000
    endloop
  endfacet
  facet normal  -0.000000e+000  -0.000000e+000  1.000000e+000
    outer loop
      vertex -4.324982e+000 -4.658639e-001 -1.717355e+000
      vertex -3.512613e+000 -2.565941e+000 -1.717355e+000
      vertex -3.147639e+000 -3.002477e+000 -1.717355e+000
    endloop
  endfacet
  facet normal  -0.000000e+000  -0.000000e+000  1.000000e+000
    outer loop
      vertex -4.324982e+000 -4.658639e-001 -1.717355e+000
      vertex -3.147639e+000 -3.002477e+000 -1.717355e+000
      vertex -2.728809e+000 -3.387640e+000 -1.717355e+000
    endloop
  endfacet
  facet normal  -0.000000e+000  -0.000000e+000  1.000000e+000
    outer loop
      vertex -4.324982e+000 -4.658639e-001 -1.717355e+000
      vertex -2.728809e+000 -3.387640e+000 -1.717355e+000
      vertex -2.263288e+000 -3.714839e+000 -1.717355e+000
    endloop
  endfacet
  facet normal  -0.000000e+000  -0.000000e+000  1.000000e+000
    outer loop
      vertex -4.324982e+000 -4.658639e-001 -1.717355e+000
      vertex -2.263288e+000 -3.714839e+000 -1.717355e+000
      vertex -1.759041e+000 -3.978476e+000 -1.717355e+000
    endloop
  endfacet
  facet normal  -0.000000e+000  -0.000000e+000  1.000000e+000
    outer loop
      vertex -4.324982e+000 -4.658639e-001 -1.717355e+000
      vertex -1.759041e+000 -3.978476e+000 -1.717355e+000
      vertex -1.224697e+000 -4.174041e+000 -1.717355e+000
    endloop
  endfacet
  facet normal  -0.000000e+000  -0.000000e+000  1.000000e+000
    outer loop
      vertex -4.324982e+000 -4.658639e-001 -1.717355e+000
      vertex -1.224697e+000 -4.174041e+000 -1.717355e+000
      vertex -6.693978e-001 -4.298186e+000 -1.717355e+000
    endloop
  endfacet
  facet normal  -0.000000e+000  -0.000000e+000  9.999999e-001
    outer loop
      vertex -4.324982e+000 -4.658639e-001 -1.717355e+000
      vertex -6.693978e-001 -4.298186e+000 -1.717355e+000
      vertex -1.026451e-001 -4.348789e+000 -1.717355e+000
    endloop
  endfacet
  facet normal  0.000000e+000  -0.000000e+000  1.000000e+000
    outer loop
      vertex -4.324982e+000 -4.658639e-001 -1.717355e+000
      vertex -1.026451e-001 -4.348789e+000 -1.717355e+000
      vertex -3.112584e-002 -3.486132e-001 -1.717355e+000
    endloop
  endfacet
  facet normal  0.000000e+000  0.000000e+000  1.000000e+000
    outer loop
      vertex -4.324982e+000 -4.658639e-001 -1.717355e+000
      vertex -3.112584e-002 -3.486132e-001 -1.717355e+000
      vertex -9.853884e-002 -3.358424e-001 -1.717355e+000
    endloop
  endfacet
  facet normal  0.000000e+000  0.000000e+000  1.000000e+000
    outer loop
      vertex -4.324982e+000 -4.658639e-001 -1.717355e+000
      vertex -9.853884e-002 -3.358424e-001 -1.717355e+000
      vertex -1.621650e-001 -3.101653e-001 -1.717355e+000
    endloop
  endfacet
  facet normal  0.000000e+000  0.000000e+000  1.000000e+000
    outer loop
      vertex -4.324982e+000 -4.658639e-001 -1.717355e+000
      vertex -1.621650e-001 -3.101653e-001 -1.717355e+000
      vertex -2.195593e-001 -2.725687e-001 -1.717355e+000
    endloop
  endfacet
  facet normal  0.000000e+000  0.000000e+000  1.000000e+000
    outer loop
      vertex -4.324982e+000 -4.658639e-001 -1.717355e+000
      vertex -2.195593e-001 -2.725687e-001 -1.717355e+000
      vertex -2.685161e-001 -2.244975e-001 -1.717355e+000
    endloop
  endfacet
  facet normal  0.000000e+000  0.000000e+000  1.000000e+000
    outer loop
      vertex -4.324982e+000 -4.658639e-001 -1.717355e+000
      vertex -2.685161e-001 -2.244975e-001 -1.717355e+000
      vertex -3.071539e-001 -1.677989e-001 -1.717355e+000
    endloop
  endfacet
  facet normal  0.000000e+000  0.000000e+000  1.000000e+000
    outer loop
      vertex -4.324982e+000 -4.658639e-001 -1.717355e+000
      vertex -3.071539e-001 -1.677989e-001 -1.717355e+000
      vertex -3.339880e-001 -1.046520e-001 -1.717355e+000
    endloop
  endfacet
  facet normal  0.000000e+000  0.000000e+000  1.000000e+000
    outer loop
      vertex -4.324982e+000 -4.658639e-001 -1.717355e+000
      vertex -3.339880e-001 -1.046520e-001 -1.717355e+000
      vertex -3.479871e-001 -3.748330e-002 -1.717355e+000
    endloop
  endfacet
  facet normal  0.000000e+000  0.000000e+000  1.000000e+000
    outer loop
      vertex -4.324982e+000 -4.658639e-001 -1.717355e+000
      vertex -3.479871e-001 -3.748330e-002 -1.717355e+000
      vertex -3.486132e-001  3.112584e-002 -1.717355e+000
    endloop
  endfacet
  facet normal  0.000000e+000  -0.000000e+000  1.000000e+000
    outer loop
      vertex -4.324982e+000 -4.658639e-001 -1.717355e+000
      vertex -3.486132e-001  3.112584e-002 -1.717355e+000
      vertex -3.358424e-001  9.853884e-002 -1.717355e+000
    endloop
  endfacet
  facet normal  0.000000e+000  0.000000e+000  1.000000e+000
    outer loop
      vertex -4.324982e+000 -4.658639e-001 -1.717355e+000
      vertex -3.358424e-001  9.853884e-002 -1.717355e+000
      vertex -4.348789e+000  1.026451e-001 -1.717355e+000
    endloop
  endfacet
  facet normal  -0.000000e+000  0.000000e+000  1.000000e+000
    outer loop
      vertex  3.748330e-002 -3.479871e-001 -1.717355e+000
      vertex -3.112584e-002 -3.486132e-001 -1.717355e+000
      vertex -1.026451e-001 -4.348789e+000 -1.717355e+000
    endloop
  endfacet
  facet normal  0.000000e+000  0.000000e+000  1.000000e+000
    outer loop
      vertex  3.748330e-002 -3.479871e-001 -1.717355e+000
      vertex -1.026451e-001 -4.348789e+000 -1.717355e+000
      vertex  4.658639e-001 -4.324982e+000 -1.717355e+000
    endloop
  endfacet
  facet normal  0.000000e+000  -0.000000e+000  1.000000e+000
    outer loop
      vertex  3.748330e-002 -3.479871e-001 -1.717355e+000
      vertex  4.658639e-001 -4.324982e+000 -1.717355e+000
      vertex  1.026402e+000 -4.227174e+000 -1.717355e+000
    endloop
  endfacet
  facet normal  0.000000e+000  -0.000000e+000  9.999999e-001
    outer loop
      vertex  3.748330e-002 -3.479871e-001 -1.717355e+000
      vertex  1.026402e+000 -4.227174e+000 -1.717355e+000
      vertex  1.569378e+000 -4.057037e+000 -1.717355e+000
    endloop
  endfacet
  facet normal  0.000000e+000  -0.000000e+000  1.000000e+000
    outer loop
      vertex  3.748330e-002 -3.479871e-001 -1.717355e+000
      vertex  1.569378e+000 -4.057037e+000 -1.717355e+000
      vertex  2.085501e+000 -3.817484e+000 -1.717355e+000
    endloop
  endfacet
  facet normal  0.000000e+000  -0.000000e+000  1.000000e+000
    outer loop
      vertex  3.748330e-002 -3.479871e-001 -1.717355e+000
      vertex  2.085501e+000 -3.817484e+000 -1.717355e+000
      vertex  2.565941e+000 -3.512613e+000 -1.717355e+000
    endloop
  endfacet
  facet normal  0.000000e+000  -0.000000e+000  1.000000e+000
    outer loop
      vertex  3.748330e-002 -3.479871e-001 -1.717355e+000
      vertex  2.565941e+000 -3.512613e+000 -1.717355e+000
      vertex  3.002477e+000 -3.147639e+000 -1.717355e+000
    endloop
  endfacet
  facet normal  0.000000e+000  -0.000000e+000  1.000000e+000
    outer loop
      vertex  3.748330e-002 -3.479871e-001 -1.717355e+000
      vertex  3.002477e+000 -3.147639e+000 -1.717355e+000
      vertex  3.387640e+000 -2.728809e+000 -1.717355e+000
    endloop
  endfacet
  facet normal  0.000000e+000  -0.000000e+000  1.000000e+000
    outer loop
      vertex  3.748330e-002 -3.479871e-001 -1.717355e+000
      vertex  3.387640e+000 -2.728809e+000 -1.717355e+000
      vertex  3.714839e+000 -2.263288e+000 -1.717355e+000
    endloop
  endfacet
  facet normal  0.000000e+000  -0.000000e+000  1.000000e+000
    outer loop
      vertex  3.748330e-002 -3.479871e-001 -1.717355e+000
      vertex  3.714839e+000 -2.263288e+000 -1.717355e+000
      vertex  3.978476e+000 -1.759041e+000 -1.717355e+000
    endloop
  endfacet
  facet normal  0.000000e+000  -0.000000e+000  1.000000e+000
    outer loop
      vertex  3.748330e-002 -3.479871e-001 -1.717355e+000
      vertex  3.978476e+000 -1.759041e+000 -1.717355e+000
      vertex  4.174041e+000 -1.224697e+000 -1.717355e+000
    endloop
  endfacet
  facet normal  0.000000e+000  -0.000000e+000  1.000000e+000
    outer loop
      vertex  3.748330e-002 -3.479871e-001 -1.717355e+000
      vertex  4.174041e+000 -1.224697e+000 -1.717355e+000
      vertex  4.298186e+000 -6.693978e-001 -1.717355e+000
    endloop
  endfacet
  facet normal  0.000000e+000  0.000000e+000  1.000000e+000
    outer loop
      vertex -4.298186e+000  6.693978e-001 -1.717355e+000
      vertex -4.348789e+000  1.026451e-001 -1.717355e+000
      vertex -3.748330e-002  3.479871e-001 -1.717355e+000
    endloop
  endfacet
  facet normal  0.000000e+000  0.000000e+000  1.000000e+000
    outer loop
      vertex -4.298186e+000  6.693978e-001 -1.717355e+000
      vertex -3.748330e-002  3.479871e-001 -1.717355e+000
      vertex -4.658639e-001  4.324982e+000 -1.717355e+000
    endloop
  endfacet
  facet normal  0.000000e+000  0.000000e+000  9.999999e-001
    outer loop
      vertex -4.298186e+000  6.693978e-001 -1.717355e+000
      vertex -4.658639e-001  4.324982e+000 -1.717355e+000
      vertex -1.026402e+000  4.227174e+000 -1.717355e+000
    endloop
  endfacet
  facet normal  0.000000e+000  0.000000e+000  1.000000e+000
    outer loop
      vertex -4.298186e+000  6.693978e-001 -1.717355e+000
      vertex -1.026402e+000  4.227174e+000 -1.717355e+000
      vertex -1.569378e+000  4.057037e+000 -1.717355e+000
    endloop
  endfacet
  facet normal  0.000000e+000  0.000000e+000  1.000000e+000
    outer loop
      vertex -4.298186e+000  6.693978e-001 -1.717355e+000
      vertex -1.569378e+000  4.057037e+000 -1.717355e+000
      vertex -2.085501e+000  3.817484e+000 -1.717355e+000
    endloop
  endfacet
  facet normal  0.000000e+000  0.000000e+000  1.000000e+000
    outer loop
      vertex -4.298186e+000  6.693978e-001 -1.717355e+000
      vertex -2.085501e+000  3.817484e+000 -1.717355e+000
      vertex -2.565941e+000  3.512613e+000 -1.717355e+000
    endloop
  endfacet
  facet normal  0.000000e+000  0.000000e+000  1.000000e+000
    outer loop
      vertex -4.298186e+000  6.693978e-001 -1.717355e+000
      vertex -2.565941e+000  3.512613e+000 -1.717355e+000
      vertex -3.002477e+000  3.147639e+000 -1.717355e+000
    endloop
  endfacet
  facet normal  0.000000e+000  0.000000e+000  1.000000e+000
    outer loop
      vertex -4.298186e+000  6.693978e-001 -1.717355e+000
      vertex -3.002477e+000  3.147639e+000 -1.717355e+000
      vertex -3.387640e+000  2.728809e+000 -1.717355e+000
    endloop
  endfacet
  facet normal  0.000000e+000  0.000000e+000  1.000000e+000
    outer loop
      vertex -4.298186e+000  6.693978e-001 -1.717355e+000
      vertex -3.387640e+000  2.728809e+000 -1.717355e+000
      vertex -3.714839e+000  2.263288e+000 -1.717355e+000
    endloop
  endfacet
  facet normal  0.000000e+000  0.000000e+000  1.000000e+000
    outer loop
      vertex -4.298186e+000  6.693978e-001 -1.717355e+000
      vertex -3.714839e+000  2.263288e+000 -1.717355e+000
      vertex -3.978476e+000  1.759041e+000 -1.717355e+000
    endloop
  endfacet
  facet normal  0.000000e+000  0.000000e+000  1.000000e+000
    outer loop
      vertex -4.298186e+000  6.693978e-001 -1.717355e+000
      vertex -3.978476e+000  1.759041e+000 -1.717355e+000
      vertex -4.174041e+000  1.224697e+000 -1.717355e+000
    endloop
  endfacet
  facet normal  0.000000e+000  -0.000000e+000  1.000000e+000
    outer loop
      vertex -4.348789e+000  1.026451e-001 -1.717355e+000
      vertex -3.358424e-001  9.853884e-002 -1.717355e+000
      vertex -3.101653e-001  1.621650e-001 -1.717355e+000
    endloop
  endfacet
  facet normal  0.000000e+000  -0.000000e+000  1.000000e+000
    outer loop
      vertex -4.348789e+000  1.026451e-001 -1.717355e+000
      vertex -3.101653e-001  1.621650e-001 -1.717355e+000
      vertex -2.725687e-001  2.195593e-001 -1.717355e+000
    endloop
  endfacet
  facet normal  0.000000e+000  -0.000000e+000  1.000000e+000
    outer loop
      vertex -4.348789e+000  1.026451e-001 -1.717355e+000
      vertex -2.725687e-001  2.195593e-001 -1.717355e+000
      vertex -2.244975e-001  2.685161e-001 -1.717355e+000
    endloop
  endfacet
  facet normal  0.000000e+000  -0.000000e+000  1.000000e+000
    outer loop
      vertex -4.348789e+000  1.026451e-001 -1.717355e+000
      vertex -2.244975e-001  2.685161e-001 -1.717355e+000
      vertex -1.677989e-001  3.071539e-001 -1.717355e+000
    endloop
  endfacet
  facet normal  0.000000e+000  -0.000000e+000  1.000000e+000
    outer loop
      vertex -4.348789e+000  1.026451e-001 -1.717355e+000
      vertex -1.677989e-001  3.071539e-001 -1.717355e+000
      vertex -1.046520e-001  3.339880e-001 -1.717355e+000
    endloop
  endfacet
  facet normal  0.000000e+000  -0.000000e+000  1.000000e+000
    outer loop
      vertex -4.348789e+000  1.026451e-001 -1.717355e+000
      vertex -1.046520e-001  3.339880e-001 -1.717355e+000
      vertex -3.748330e-002  3.479871e-001 -1.717355e+000
    endloop
  endfacet
  facet normal  0.000000e+000  -0.000000e+000  1.000000e+000
    outer loop
      vertex  3.112584e-002  3.486132e-001 -1.717355e+000
      vertex  9.853884e-002  3.358424e-001 -1.717355e+000
      vertex  4.324982e+000  4.658639e-001 -1.717355e+000
    endloop
  endfacet
  facet normal  0.000000e+000  0.000000e+000  1.000000e+000
    outer loop
      vertex  3.112584e-002  3.486132e-001 -1.717355e+000
      vertex  4.324982e+000  4.658639e-001 -1.717355e+000
      vertex  4.227174e+000  1.026402e+000 -1.717355e+000
    endloop
  endfacet
  facet normal  0.000000e+000  0.000000e+000  9.999999e-001
    outer loop
      vertex  3.112584e-002  3.486132e-001 -1.717355e+000
      vertex  4.227174e+000  1.026402e+000 -1.717355e+000
      vertex  4.057037e+000  1.569378e+000 -1.717355e+000
    endloop
  endfacet
  facet normal  0.000000e+000  0.000000e+000  1.000000e+000
    outer loop
      vertex  3.112584e-002  3.486132e-001 -1.717355e+000
      vertex  4.057037e+000  1.569378e+000 -1.717355e+000
      vertex  3.817484e+000  2.085501e+000 -1.717355e+000
    endloop
  endfacet
  facet normal  0.000000e+000  0.000000e+000  1.000000e+000
    outer loop
      vertex  3.112584e-002  3.486132e-001 -1.717355e+000
      vertex  3.817484e+000  2.085501e+000 -1.717355e+000
      vertex  3.512613e+000  2.565941e+000 -1.717355e+000
    endloop
  endfacet
  facet normal  0.000000e+000  0.000000e+000  1.000000e+000
    outer loop
      vertex  3.112584e-002  3.486132e-001 -1.717355e+000
      vertex  3.512613e+000  2.565941e+000 -1.717355e+000
      vertex  3.147639e+000  3.002477e+000 -1.717355e+000
    endloop
  endfacet
  facet normal  0.000000e+000  0.000000e+000  1.000000e+000
    outer loop
      vertex  3.112584e-002  3.486132e-001 -1.717355e+000
      vertex  3.147639e+000  3.002477e+000 -1.717355e+000
      vertex  2.728809e+000  3.387640e+000 -1.717355e+000
    endloop
  endfacet
  facet normal  0.000000e+000  0.000000e+000  1.000000e+000
    outer loop
      vertex  3.112584e-002  3.486132e-001 -1.717355e+000
      vertex  2.728809e+000  3.387640e+000 -1.717355e+000
      vertex  2.263288e+000  3.714839e+000 -1.717355e+000
    endloop
  endfacet
  facet normal  0.000000e+000  0.000000e+000  1.000000e+000
    outer loop
      vertex  3.112584e-002  3.486132e-001 -1.717355e+000
      vertex  2.263288e+000  3.714839e+000 -1.717355e+000
      vertex  1.759041e+000  3.978476e+000 -1.717355e+000
    endloop
  endfacet
  facet normal  0.000000e+000  0.000000e+000  1.000000e+000
    outer loop
      vertex  3.112584e-002  3.486132e-001 -1.717355e+000
      vertex  1.759041e+000  3.978476e+000 -1.717355e+000
      vertex  1.224697e+000  4.174041e+000 -1.717355e+000
    endloop
  endfacet
  facet normal  0.000000e+000  0.000000e+000  1.000000e+000
    outer loop
      vertex  3.112584e-002  3.486132e-001 -1.717355e+000
      vertex  1.224697e+000  4.174041e+000 -1.717355e+000
      vertex  6.693978e-001  4.298186e+000 -1.717355e+000
    endloop
  endfacet
  facet normal  0.000000e+000  0.000000e+000  1.000000e+000
    outer loop
      vertex  3.112584e-002  3.486132e-001 -1.717355e+000
      vertex  6.693978e-001  4.298186e+000 -1.717355e+000
      vertex  1.026451e-001  4.348789e+000 -1.717355e+000
    endloop
  endfacet
  facet normal  0.000000e+000  0.000000e+000  1.000000e+000
    outer loop
      vertex  3.112584e-002  3.486132e-001 -1.717355e+000
      vertex  1.026451e-001  4.348789e+000 -1.717355e+000
      vertex -4.658639e-001  4.324982e+000 -1.717355e+000
    endloop
  endfacet
  facet normal  0.000000e+000  0.000000e+000  1.000000e+000
    outer loop
      vertex  3.112584e-002  3.486132e-001 -1.717355e+000
      vertex -4.658639e-001  4.324982e+000 -1.717355e+000
      vertex -3.748330e-002  3.479871e-001 -1.717355e+000
    endloop
  endfacet
  facet normal  0.000000e+000  0.000000e+000  9.999999e-001
    outer loop
      vertex  4.348789e+000 -1.026451e-001 -1.717355e+000
      vertex  4.324982e+000  4.658639e-001 -1.717355e+000
      vertex  9.853884e-002  3.358424e-001 -1.717355e+000
    endloop
  endfacet
  facet normal  0.000000e+000  0.000000e+000  1.000000e+000
    outer loop
      vertex  4.348789e+000 -1.026451e-001 -1.717355e+000
      vertex  9.853884e-002  3.358424e-001 -1.717355e+000
      vertex  1.621650e-001  3.101653e-001 -1.717355e+000
    endloop
  endfacet
  facet normal  0.000000e+000  0.000000e+000  1.000000e+000
    outer loop
      vertex  4.348789e+000 -1.026451e-001 -1.717355e+000
      vertex  1.621650e-001  3.101653e-001 -1.717355e+000
      vertex  2.195593e-001  2.725687e-001 -1.717355e+000
    endloop
  endfacet
  facet normal  0.000000e+000  0.000000e+000  9.999999e-001
    outer loop
      vertex  4.348789e+000 -1.026451e-001 -1.717355e+000
      vertex  2.195593e-001  2.725687e-001 -1.717355e+000
      vertex  2.685161e-001  2.244975e-001 -1.717355e+000
    endloop
  endfacet
  facet normal  0.000000e+000  0.000000e+000  1.000000e+000
    outer loop
      vertex  4.348789e+000 -1.026451e-001 -1.717355e+000
      vertex  2.685161e-001  2.244975e-001 -1.717355e+000
      vertex  3.071539e-001  1.677989e-001 -1.717355e+000
    endloop
  endfacet
  facet normal  0.000000e+000  0.000000e+000  1.000000e+000
    outer loop
      vertex  4.348789e+000 -1.026451e-001 -1.717355e+000
      vertex  3.071539e-001  1.677989e-001 -1.717355e+000
      vertex  3.339880e-001  1.046520e-001 -1.717355e+000
    endloop
  endfacet
  facet normal  0.000000e+000  0.000000e+000  1.000000e+000
    outer loop
      vertex  4.348789e+000 -1.026451e-001 -1.717355e+000
      vertex  3.339880e-001  1.046520e-001 -1.717355e+000
      vertex  3.479871e-001  3.748330e-002 -1.717355e+000
    endloop
  endfacet
  facet normal  0.000000e+000  0.000000e+000  1.000000e+000
    outer loop
      vertex  4.348789e+000 -1.026451e-001 -1.717355e+000
      vertex  3.479871e-001  3.748330e-002 -1.717355e+000
      vertex  3.486132e-001 -3.112584e-002 -1.717355e+000
    endloop
  endfacet
  facet normal  0.000000e+000  0.000000e+000  1.000000e+000
    outer loop
      vertex  4.348789e+000 -1.026451e-001 -1.717355e+000
      vertex  3.486132e-001 -3.112584e-002 -1.717355e+000
      vertex  3.358424e-001 -9.853884e-002 -1.717355e+000
    endloop
  endfacet
  facet normal  0.000000e+000  0.000000e+000  1.000000e+000
    outer loop
      vertex  4.348789e+000 -1.026451e-001 -1.717355e+000
      vertex  3.358424e-001 -9.853884e-002 -1.717355e+000
      vertex  3.101653e-001 -1.621650e-001 -1.717355e+000
    endloop
  endfacet
  facet normal  -0.000000e+000  0.000000e+000  1.000000e+000
    outer loop
      vertex  4.348789e+000 -1.026451e-001 -1.717355e+000
      vertex  3.101653e-001 -1.621650e-001 -1.717355e+000
      vertex  4.298186e+000 -6.693978e-001 -1.717355e+000
    endloop
  endfacet
  facet normal  0.000000e+000  0.000000e+000  1.000000e+000
    outer loop
      vertex  4.298186e+000 -6.693978e-001 -1.717355e+000
      vertex  3.101653e-001 -1.621650e-001 -1.717355e+000
      vertex  2.725687e-001 -2.195593e-001 -1.717355e+000
    endloop
  endfacet
  facet normal  0.000000e+000  0.000000e+000  1.000000e+000
    outer loop
      vertex  4.298186e+000 -6.693978e-001 -1.717355e+000
      vertex  2.725687e-001 -2.195593e-001 -1.717355e+000
      vertex  2.244975e-001 -2.685161e-001 -1.717355e+000
    endloop
  endfacet
  facet normal  0.000000e+000  0.000000e+000  1.000000e+000
    outer loop
      vertex  4.298186e+000 -6.693978e-001 -1.717355e+000
      vertex  2.244975e-001 -2.685161e-001 -1.717355e+000
      vertex  1.677989e-001 -3.071539e-001 -1.717355e+000
    endloop
  endfacet
  facet normal  0.000000e+000  0.000000e+000  1.000000e+000
    outer loop
      vertex  4.298186e+000 -6.693978e-001 -1.717355e+000
      vertex  1.677989e-001 -3.071539e-001 -1.717355e+000
      vertex  1.046520e-001 -3.339880e-001 -1.717355e+000
    endloop
  endfacet
  facet normal  0.000000e+000  0.000000e+000  1.000000e+000
    outer loop
      vertex  4.298186e+000 -6.693978e-001 -1.717355e+000
      vertex  1.046520e-001 -3.339880e-001 -1.717355e+000
      vertex  3.748330e-002 -3.479871e-001 -1.717355e+000
    endloop
  endfacet
  facet normal  0.000000e+000  0.000000e+000 -9.999999e-001
    outer loop
      vertex  1.026402e+000 -4.227174e+000 -1.735473e-002
      vertex  4.658639e-001 -4.324982e+000 -1.735473e-002
      vertex  4.605091e-001 -4.275270e+000 -1.735473e-002
    endloop
  endfacet
  facet normal  0.000000e+000  -0.000000e+000 -9.999999e-001
    outer loop
      vertex  4.605091e-001 -4.275270e+000 -1.735473e-002
      vertex  4.658639e-001 -4.324982e+000 -1.735473e-002
      vertex -1.026451e-001 -4.348789e+000 -1.735473e-002
    endloop
  endfacet
  facet normal  0.000000e+000  0.000000e+000 -1.000000e+000
    outer loop
      vertex  4.605091e-001 -4.275270e+000 -1.735473e-002
      vertex -1.026451e-001 -4.348789e+000 -1.735473e-002
      vertex -1.014653e-001 -4.298803e+000 -1.735473e-002
    endloop
  endfacet
  facet normal  -0.000000e+000  0.000000e+000 -1.000000e+000
    outer loop
      vertex -1.014653e-001 -4.298803e+000 -1.735473e-002
      vertex -1.026451e-001 -4.348789e+000 -1.735473e-002
      vertex -6.693978e-001 -4.298186e+000 -1.735473e-002
    endloop
  endfacet
  facet normal  0.000000e+000  0.000000e+000 -1.000000e+000
    outer loop
      vertex -1.014653e-001 -4.298803e+000 -1.735473e-002
      vertex -6.693978e-001 -4.298186e+000 -1.735473e-002
      vertex -6.617036e-001 -4.248782e+000 -1.735473e-002
    endloop
  endfacet
  facet normal  0.000000e+000  -0.000000e+000 -9.999999e-001
    outer loop
      vertex -1.026402e+000  4.227174e+000 -1.735473e-002
      vertex -4.658639e-001  4.324982e+000 -1.735473e-002
      vertex -4.605091e-001  4.275270e+000 -1.735473e-002
    endloop
  endfacet
  facet normal  0.000000e+000  0.000000e+000 -9.999999e-001
    outer loop
      vertex -4.605091e-001  4.275270e+000 -1.735473e-002
      vertex -4.658639e-001  4.324982e+000 -1.735473e-002
      vertex  1.026451e-001  4.348789e+000 -1.735473e-002
    endloop
  endfacet
  facet normal  0.000000e+000  0.000000e+000 -1.000000e+000
    outer loop
      vertex -4.605091e-001  4.275270e+000 -1.735473e-002
      vertex  1.026451e-001  4.348789e+000 -1.735473e-002
      vertex  1.014653e-001  4.298803e+000 -1.735473e-002
    endloop
  endfacet
  facet normal  0.000000e+000  0.000000e+000 -1.000000e+000
    outer loop
      vertex  1.014653e-001  4.298803e+000 -1.735473e-002
      vertex  1.026451e-001  4.348789e+000 -1.735473e-002
      vertex  6.693978e-001  4.298186e+000 -1.735473e-002
    endloop
  endfacet
  facet normal  -0.000000e+000  0.000000e+000 -1.000000e+000
    outer loop
      vertex  1.014653e-001  4.298803e+000 -1.735473e-002
      vertex  6.693978e-001  4.298186e+000 -1.735473e-002
      vertex  6.617036e-001  4.248782e+000 -1.735473e-002
    endloop
  endfacet
  facet normal  0.000000e+000  0.000000e+000 -9.999999e-001
    outer loop
      vertex -4.605091e-001  4.275270e+000 -1.735473e-002
      vertex -1.014604e+000  4.178586e+000 -1.735473e-002
      vertex -1.026402e+000  4.227174e+000 -1.735473e-002
    endloop
  endfacet
  facet normal  0.000000e+000  -0.000000e+000 -1.000000e+000
    outer loop
      vertex -1.026402e+000  4.227174e+000 -1.735473e-002
      vertex -1.014604e+000  4.178586e+000 -1.735473e-002
      vertex -1.551339e+000  4.010405e+000 -1.735473e-002
    endloop
  endfacet
  facet normal  0.000000e+000  0.000000e+000 -9.999999e-001
    outer loop
      vertex -1.026402e+000  4.227174e+000 -1.735473e-002
      vertex -1.551339e+000  4.010405e+000 -1.735473e-002
      vertex -1.569378e+000  4.057037e+000 -1.735473e-002
    endloop
  endfacet
  facet normal  0.000000e+000  -0.000000e+000 -1.000000e+000
    outer loop
      vertex -1.569378e+000  4.057037e+000 -1.735473e-002
      vertex -1.551339e+000  4.010405e+000 -1.735473e-002
      vertex -2.061530e+000  3.773605e+000 -1.735473e-002
    endloop
  endfacet
  facet normal  0.000000e+000  0.000000e+000 -1.000000e+000
    outer loop
      vertex -1.569378e+000  4.057037e+000 -1.735473e-002
      vertex -2.061530e+000  3.773605e+000 -1.735473e-002
      vertex -2.085501e+000  3.817484e+000 -1.735473e-002
    endloop
  endfacet
  facet normal  0.000000e+000  -0.000000e+000 -9.999999e-001
    outer loop
      vertex -2.085501e+000  3.817484e+000 -1.735473e-002
      vertex -2.061530e+000  3.773605e+000 -1.735473e-002
      vertex -2.536448e+000  3.472238e+000 -1.735473e-002
    endloop
  endfacet
  facet normal  0.000000e+000  0.000000e+000 -9.999999e-001
    outer loop
      vertex -2.085501e+000  3.817484e+000 -1.735473e-002
      vertex -2.536448e+000  3.472238e+000 -1.735473e-002
      vertex -2.565941e+000  3.512613e+000 -1.735473e-002
    endloop
  endfacet
  facet normal  0.000000e+000  -0.000000e+000 -1.000000e+000
    outer loop
      vertex -2.565941e+000  3.512613e+000 -1.735473e-002
      vertex -2.536448e+000  3.472238e+000 -1.735473e-002
      vertex -2.967966e+000  3.111459e+000 -1.735473e-002
    endloop
  endfacet
  facet normal  0.000000e+000  0.000000e+000 -1.000000e+000
    outer loop
      vertex -2.565941e+000  3.512613e+000 -1.735473e-002
      vertex -2.967966e+000  3.111459e+000 -1.735473e-002
      vertex -3.002477e+000  3.147639e+000 -1.735473e-002
    endloop
  endfacet
  facet normal  0.000000e+000  -0.000000e+000 -1.000000e+000
    outer loop
      vertex -3.002477e+000  3.147639e+000 -1.735473e-002
      vertex -2.967966e+000  3.111459e+000 -1.735473e-002
      vertex -3.348701e+000  2.697443e+000 -1.735473e-002
    endloop
  endfacet
  facet normal  0.000000e+000  0.000000e+000 -9.999999e-001
    outer loop
      vertex -3.002477e+000  3.147639e+000 -1.735473e-002
      vertex -3.348701e+000  2.697443e+000 -1.735473e-002
      vertex -3.387640e+000  2.728809e+000 -1.735473e-002
    endloop
  endfacet
  facet normal  0.000000e+000  -0.000000e+000 -1.000000e+000
    outer loop
      vertex -3.387640e+000  2.728809e+000 -1.735473e-002
      vertex -3.348701e+000  2.697443e+000 -1.735473e-002
      vertex -3.672140e+000  2.237273e+000 -1.735473e-002
    endloop
  endfacet
  facet normal  0.000000e+000  0.000000e+000 -1.000000e+000
    outer loop
      vertex -3.387640e+000  2.728809e+000 -1.735473e-002
      vertex -3.672140e+000  2.237273e+000 -1.735473e-002
      vertex -3.714839e+000  2.263288e+000 -1.735473e-002
    endloop
  endfacet
  facet normal  0.000000e+000  -0.000000e+000 -1.000000e+000
    outer loop
      vertex -3.714839e+000  2.263288e+000 -1.735473e-002
      vertex -3.672140e+000  2.237273e+000 -1.735473e-002
      vertex -3.932747e+000  1.738822e+000 -1.735473e-002
    endloop
  endfacet
  facet normal  0.000000e+000  0.000000e+000 -1.000000e+000
    outer loop
      vertex -3.714839e+000  2.263288e+000 -1.735473e-002
      vertex -3.932747e+000  1.738822e+000 -1.735473e-002
      vertex -3.978476e+000  1.759041e+000 -1.735473e-002
    endloop
  endfacet
  facet normal  0.000000e+000  -0.000000e+000 -1.000000e+000
    outer loop
      vertex -3.978476e+000  1.759041e+000 -1.735473e-002
      vertex -3.932747e+000  1.738822e+000 -1.735473e-002
      vertex -4.126063e+000  1.210620e+000 -1.735473e-002
    endloop
  endfacet
  facet normal  0.000000e+000  0.000000e+000 -9.999999e-001
    outer loop
      vertex -3.978476e+000  1.759041e+000 -1.735473e-002
      vertex -4.126063e+000  1.210620e+000 -1.735473e-002
      vertex -4.174041e+000  1.224697e+000 -1.735473e-002
    endloop
  endfacet
  facet normal  0.000000e+000  -0.000000e+000 -1.000000e+000
    outer loop
      vertex -4.174041e+000  1.224697e+000 -1.735473e-002
      vertex -4.126063e+000  1.210620e+000 -1.735473e-002
      vertex -4.248782e+000  6.617036e-001 -1.735473e-002
    endloop
  endfacet
  facet normal  0.000000e+000  0.000000e+000 -9.999999e-001
    outer loop
      vertex -4.174041e+000  1.224697e+000 -1.735473e-002
      vertex -4.248782e+000  6.617036e-001 -1.735473e-002
      vertex -4.298186e+000  6.693978e-001 -1.735473e-002
    endloop
  endfacet
  facet normal  0.000000e+000  -0.000000e+000 -1.000000e+000
    outer loop
      vertex -4.298186e+000  6.693978e-001 -1.735473e-002
      vertex -4.248782e+000  6.617036e-001 -1.735473e-002
      vertex -4.298803e+000  1.014653e-001 -1.735473e-002
    endloop
  endfacet
  facet normal  0.000000e+000  0.000000e+000 -1.000000e+000
    outer loop
      vertex -4.298186e+000  6.693978e-001 -1.735473e-002
      vertex -4.298803e+000  1.014653e-001 -1.735473e-002
      vertex -4.348789e+000  1.026451e-001 -1.735473e-002
    endloop
  endfacet
  facet normal  0.000000e+000  0.000000e+000 -1.000000e+000
    outer loop
      vertex -4.348789e+000  1.026451e-001 -1.735473e-002
      vertex -4.298803e+000  1.014653e-001 -1.735473e-002
      vertex -4.275270e+000 -4.605091e-001 -1.735473e-002
    endloop
  endfacet
  facet normal  -0.000000e+000  0.000000e+000 -9.999999e-001
    outer loop
      vertex -4.348789e+000  1.026451e-001 -1.735473e-002
      vertex -4.275270e+000 -4.605091e-001 -1.735473e-002
      vertex -4.324982e+000 -4.658639e-001 -1.735473e-002
    endloop
  endfacet
  facet normal  0.000000e+000  0.000000e+000 -1.000000e+000
    outer loop
      vertex -4.324982e+000 -4.658639e-001 -1.735473e-002
      vertex -4.275270e+000 -4.605091e-001 -1.735473e-002
      vertex -4.178586e+000 -1.014604e+000 -1.735473e-002
    endloop
  endfacet
  facet normal  -0.000000e+000  0.000000e+000 -9.999999e-001
    outer loop
      vertex -4.324982e+000 -4.658639e-001 -1.735473e-002
      vertex -4.178586e+000 -1.014604e+000 -1.735473e-002
      vertex -4.227174e+000 -1.026402e+000 -1.735473e-002
    endloop
  endfacet
  facet normal  0.000000e+000  0.000000e+000 -1.000000e+000
    outer loop
      vertex -4.227174e+000 -1.026402e+000 -1.735473e-002
      vertex -4.178586e+000 -1.014604e+000 -1.735473e-002
      vertex -4.010405e+000 -1.551339e+000 -1.735473e-002
    endloop
  endfacet
  facet normal  -0.000000e+000  0.000000e+000 -9.999999e-001
    outer loop
      vertex -4.227174e+000 -1.026402e+000 -1.735473e-002
      vertex -4.010405e+000 -1.551339e+000 -1.735473e-002
      vertex -4.057037e+000 -1.569378e+000 -1.735473e-002
    endloop
  endfacet
  facet normal  0.000000e+000  0.000000e+000 -1.000000e+000
    outer loop
      vertex -4.057037e+000 -1.569378e+000 -1.735473e-002
      vertex -4.010405e+000 -1.551339e+000 -1.735473e-002
      vertex -3.773605e+000 -2.061530e+000 -1.735473e-002
    endloop
  endfacet
  facet normal  -0.000000e+000  0.000000e+000 -1.000000e+000
    outer loop
      vertex -4.057037e+000 -1.569378e+000 -1.735473e-002
      vertex -3.773605e+000 -2.061530e+000 -1.735473e-002
      vertex -3.817484e+000 -2.085501e+000 -1.735473e-002
    endloop
  endfacet
  facet normal  0.000000e+000  0.000000e+000 -9.999999e-001
    outer loop
      vertex -3.817484e+000 -2.085501e+000 -1.735473e-002
      vertex -3.773605e+000 -2.061530e+000 -1.735473e-002
      vertex -3.472238e+000 -2.536448e+000 -1.735473e-002
    endloop
  endfacet
  facet normal  -0.000000e+000  0.000000e+000 -9.999999e-001
    outer loop
      vertex -3.817484e+000 -2.085501e+000 -1.735473e-002
      vertex -3.472238e+000 -2.536448e+000 -1.735473e-002
      vertex -3.512613e+000 -2.565941e+000 -1.735473e-002
    endloop
  endfacet
  facet normal  0.000000e+000  0.000000e+000 -1.000000e+000
    outer loop
      vertex -3.512613e+000 -2.565941e+000 -1.735473e-002
      vertex -3.472238e+000 -2.536448e+000 -1.735473e-002
      vertex -3.111459e+000 -2.967966e+000 -1.735473e-002
    endloop
  endfacet
  facet normal  -0.000000e+000  0.000000e+000 -1.000000e+000
    outer loop
      vertex -3.512613e+000 -2.565941e+000 -1.735473e-002
      vertex -3.111459e+000 -2.967966e+000 -1.735473e-002
      vertex -3.147639e+000 -3.002477e+000 -1.735473e-002
    endloop
  endfacet
  facet normal  0.000000e+000  0.000000e+000 -1.000000e+000
    outer loop
      vertex -3.147639e+000 -3.002477e+000 -1.735473e-002
      vertex -3.111459e+000 -2.967966e+000 -1.735473e-002
      vertex -2.697443e+000 -3.348701e+000 -1.735473e-002
    endloop
  endfacet
  facet normal  -0.000000e+000  0.000000e+000 -9.999999e-001
    outer loop
      vertex -3.147639e+000 -3.002477e+000 -1.735473e-002
      vertex -2.697443e+000 -3.348701e+000 -1.735473e-002
      vertex -2.728809e+000 -3.387640e+000 -1.735473e-002
    endloop
  endfacet
  facet normal  0.000000e+000  0.000000e+000 -1.000000e+000
    outer loop
      vertex -2.728809e+000 -3.387640e+000 -1.735473e-002
      vertex -2.697443e+000 -3.348701e+000 -1.735473e-002
      vertex -2.237273e+000 -3.672140e+000 -1.735473e-002
    endloop
  endfacet
  facet normal  -0.000000e+000  0.000000e+000 -1.000000e+000
    outer loop
      vertex -2.728809e+000 -3.387640e+000 -1.735473e-002
      vertex -2.237273e+000 -3.672140e+000 -1.735473e-002
      vertex -2.263288e+000 -3.714839e+000 -1.735473e-002
    endloop
  endfacet
  facet normal  0.000000e+000  0.000000e+000 -1.000000e+000
    outer loop
      vertex -2.263288e+000 -3.714839e+000 -1.735473e-002
      vertex -2.237273e+000 -3.672140e+000 -1.735473e-002
      vertex -1.738822e+000 -3.932747e+000 -1.735473e-002
    endloop
  endfacet
  facet normal  -0.000000e+000  0.000000e+000 -1.000000e+000
    outer loop
      vertex -2.263288e+000 -3.714839e+000 -1.735473e-002
      vertex -1.738822e+000 -3.932747e+000 -1.735473e-002
      vertex -1.759041e+000 -3.978476e+000 -1.735473e-002
    endloop
  endfacet
  facet normal  0.000000e+000  0.000000e+000 -1.000000e+000
    outer loop
      vertex -1.759041e+000 -3.978476e+000 -1.735473e-002
      vertex -1.738822e+000 -3.932747e+000 -1.735473e-002
      vertex -1.210620e+000 -4.126063e+000 -1.735473e-002
    endloop
  endfacet
  facet normal  -0.000000e+000  0.000000e+000 -9.999999e-001
    outer loop
      vertex -1.759041e+000 -3.978476e+000 -1.735473e-002
      vertex -1.210620e+000 -4.126063e+000 -1.735473e-002
      vertex -1.224697e+000 -4.174041e+000 -1.735473e-002
    endloop
  endfacet
  facet normal  0.000000e+000  0.000000e+000 -1.000000e+000
    outer loop
      vertex -1.224697e+000 -4.174041e+000 -1.735473e-002
      vertex -1.210620e+000 -4.126063e+000 -1.735473e-002
      vertex -6.617036e-001 -4.248782e+000 -1.735473e-002
    endloop
  endfacet
  facet normal  -0.000000e+000  0.000000e+000 -9.999999e-001
    outer loop
      vertex -1.224697e+000 -4.174041e+000 -1.735473e-002
      vertex -6.617036e-001 -4.248782e+000 -1.735473e-002
      vertex -6.693978e-001 -4.298186e+000 -1.735473e-002
    endloop
  endfacet
  facet normal  0.000000e+000  -0.000000e+000 -9.999999e-001
    outer loop
      vertex  4.605091e-001 -4.275270e+000 -1.735473e-002
      vertex  1.014604e+000 -4.178586e+000 -1.735473e-002
      vertex  1.026402e+000 -4.227174e+000 -1.735473e-002
    endloop
  endfacet
  facet normal  0.000000e+000  0.000000e+000 -1.000000e+000
    outer loop
      vertex  1.026402e+000 -4.227174e+000 -1.735473e-002
      vertex  1.014604e+000 -4.178586e+000 -1.735473e-002
      vertex  1.551339e+000 -4.010405e+000 -1.735473e-002
    endloop
  endfacet
  facet normal  0.000000e+000  -0.000000e+000 -9.999999e-001
    outer loop
      vertex  1.026402e+000 -4.227174e+000 -1.735473e-002
      vertex  1.551339e+000 -4.010405e+000 -1.735473e-002
      vertex  1.569378e+000 -4.057037e+000 -1.735473e-002
    endloop
  endfacet
  facet normal  0.000000e+000  0.000000e+000 -1.000000e+000
    outer loop
      vertex  1.569378e+000 -4.057037e+000 -1.735473e-002
      vertex  1.551339e+000 -4.010405e+000 -1.735473e-002
      vertex  2.061530e+000 -3.773605e+000 -1.735473e-002
    endloop
  endfacet
  facet normal  0.000000e+000  -0.000000e+000 -1.000000e+000
    outer loop
      vertex  1.569378e+000 -4.057037e+000 -1.735473e-002
      vertex  2.061530e+000 -3.773605e+000 -1.735473e-002
      vertex  2.085501e+000 -3.817484e+000 -1.735473e-002
    endloop
  endfacet
  facet normal  0.000000e+000  0.000000e+000 -9.999999e-001
    outer loop
      vertex  2.085501e+000 -3.817484e+000 -1.735473e-002
      vertex  2.061530e+000 -3.773605e+000 -1.735473e-002
      vertex  2.536448e+000 -3.472238e+000 -1.735473e-002
    endloop
  endfacet
  facet normal  0.000000e+000  -0.000000e+000 -9.999999e-001
    outer loop
      vertex  2.085501e+000 -3.817484e+000 -1.735473e-002
      vertex  2.536448e+000 -3.472238e+000 -1.735473e-002
      vertex  2.565941e+000 -3.512613e+000 -1.735473e-002
    endloop
  endfacet
  facet normal  0.000000e+000  0.000000e+000 -1.000000e+000
    outer loop
      vertex  2.565941e+000 -3.512613e+000 -1.735473e-002
      vertex  2.536448e+000 -3.472238e+000 -1.735473e-002
      vertex  2.967966e+000 -3.111459e+000 -1.735473e-002
    endloop
  endfacet
  facet normal  0.000000e+000  -0.000000e+000 -1.000000e+000
    outer loop
      vertex  2.565941e+000 -3.512613e+000 -1.735473e-002
      vertex  2.967966e+000 -3.111459e+000 -1.735473e-002
      vertex  3.002477e+000 -3.147639e+000 -1.735473e-002
    endloop
  endfacet
  facet normal  0.000000e+000  0.000000e+000 -1.000000e+000
    outer loop
      vertex  3.002477e+000 -3.147639e+000 -1.735473e-002
      vertex  2.967966e+000 -3.111459e+000 -1.735473e-002
      vertex  3.348701e+000 -2.697443e+000 -1.735473e-002
    endloop
  endfacet
  facet normal  0.000000e+000  -0.000000e+000 -9.999999e-001
    outer loop
      vertex  3.002477e+000 -3.147639e+000 -1.735473e-002
      vertex  3.348701e+000 -2.697443e+000 -1.735473e-002
      vertex  3.387640e+000 -2.728809e+000 -1.735473e-002
    endloop
  endfacet
  facet normal  0.000000e+000  0.000000e+000 -1.000000e+000
    outer loop
      vertex  3.387640e+000 -2.728809e+000 -1.735473e-002
      vertex  3.348701e+000 -2.697443e+000 -1.735473e-002
      vertex  3.672140e+000 -2.237273e+000 -1.735473e-002
    endloop
  endfacet
  facet normal  0.000000e+000  -0.000000e+000 -1.000000e+000
    outer loop
      vertex  3.387640e+000 -2.728809e+000 -1.735473e-002
      vertex  3.672140e+000 -2.237273e+000 -1.735473e-002
      vertex  3.714839e+000 -2.263288e+000 -1.735473e-002
    endloop
  endfacet
  facet normal  0.000000e+000  0.000000e+000 -1.000000e+000
    outer loop
      vertex  3.714839e+000 -2.263288e+000 -1.735473e-002
      vertex  3.672140e+000 -2.237273e+000 -1.735473e-002
      vertex  3.932747e+000 -1.738822e+000 -1.735473e-002
    endloop
  endfacet
  facet normal  0.000000e+000  -0.000000e+000 -1.000000e+000
    outer loop
      vertex  3.714839e+000 -2.263288e+000 -1.735473e-002
      vertex  3.932747e+000 -1.738822e+000 -1.735473e-002
      vertex  3.978476e+000 -1.759041e+000 -1.735473e-002
    endloop
  endfacet
  facet normal  0.000000e+000  0.000000e+000 -1.000000e+000
    outer loop
      vertex  3.978476e+000 -1.759041e+000 -1.735473e-002
      vertex  3.932747e+000 -1.738822e+000 -1.735473e-002
      vertex  4.126063e+000 -1.210620e+000 -1.735473e-002
    endloop
  endfacet
  facet normal  0.000000e+000  -0.000000e+000 -9.999999e-001
    outer loop
      vertex  3.978476e+000 -1.759041e+000 -1.735473e-002
      vertex  4.126063e+000 -1.210620e+000 -1.735473e-002
      vertex  4.174041e+000 -1.224697e+000 -1.735473e-002
    endloop
  endfacet
  facet normal  0.000000e+000  0.000000e+000 -1.000000e+000
    outer loop
      vertex  4.174041e+000 -1.224697e+000 -1.735473e-002
      vertex  4.126063e+000 -1.210620e+000 -1.735473e-002
      vertex  4.248782e+000 -6.617036e-001 -1.735473e-002
    endloop
  endfacet
  facet normal  0.000000e+000  -0.000000e+000 -9.999999e-001
    outer loop
      vertex  4.174041e+000 -1.224697e+000 -1.735473e-002
      vertex  4.248782e+000 -6.617036e-001 -1.735473e-002
      vertex  4.298186e+000 -6.693978e-001 -1.735473e-002
    endloop
  endfacet
  facet normal  0.000000e+000  0.000000e+000 -1.000000e+000
    outer loop
      vertex  4.298186e+000 -6.693978e-001 -1.735473e-002
      vertex  4.248782e+000 -6.617036e-001 -1.735473e-002
      vertex  4.298803e+000 -1.014653e-001 -1.735473e-002
    endloop
  endfacet
  facet normal  0.000000e+000  -0.000000e+000 -1.000000e+000
    outer loop
      vertex  4.298186e+000 -6.693978e-001 -1.735473e-002
      vertex  4.298803e+000 -1.014653e-001 -1.735473e-002
      vertex  4.348789e+000 -1.026451e-001 -1.735473e-002
    endloop
  endfacet
  facet normal  0.000000e+000  0.000000e+000 -1.000000e+000
    outer loop
      vertex  4.348789e+000 -1.026451e-001 -1.735473e-002
      vertex  4.298803e+000 -1.014653e-001 -1.735473e-002
      vertex  4.275270e+000  4.605091e-001 -1.735473e-002
    endloop
  endfacet
  facet normal  0.000000e+000  0.000000e+000 -9.999999e-001
    outer loop
      vertex  4.348789e+000 -1.026451e-001 -1.735473e-002
      vertex  4.275270e+000  4.605091e-001 -1.735473e-002
      vertex  4.324982e+000  4.658639e-001 -1.735473e-002
    endloop
  endfacet
  facet normal  -0.000000e+000  0.000000e+000 -1.000000e+000
    outer loop
      vertex  4.324982e+000  4.658639e-001 -1.735473e-002
      vertex  4.275270e+000  4.605091e-001 -1.735473e-002
      vertex  4.178586e+000  1.014604e+000 -1.735473e-002
    endloop
  endfacet
  facet normal  0.000000e+000  0.000000e+000 -9.999999e-001
    outer loop
      vertex  4.324982e+000  4.658639e-001 -1.735473e-002
      vertex  4.178586e+000  1.014604e+000 -1.735473e-002
      vertex  4.227174e+000  1.026402e+000 -1.735473e-002
    endloop
  endfacet
  facet normal  -0.000000e+000  0.000000e+000 -1.000000e+000
    outer loop
      vertex  4.227174e+000  1.026402e+000 -1.735473e-002
      vertex  4.178586e+000  1.014604e+000 -1.735473e-002
      vertex  4.010405e+000  1.551339e+000 -1.735473e-002
    endloop
  endfacet
  facet normal  0.000000e+000  0.000000e+000 -9.999999e-001
    outer loop
      vertex  4.227174e+000  1.026402e+000 -1.735473e-002
      vertex  4.010405e+000  1.551339e+000 -1.735473e-002
      vertex  4.057037e+000  1.569378e+000 -1.735473e-002
    endloop
  endfacet
  facet normal  -0.000000e+000  0.000000e+000 -1.000000e+000
    outer loop
      vertex  4.057037e+000  1.569378e+000 -1.735473e-002
      vertex  4.010405e+000  1.551339e+000 -1.735473e-002
      vertex  3.773605e+000  2.061530e+000 -1.735473e-002
    endloop
  endfacet
  facet normal  0.000000e+000  0.000000e+000 -1.000000e+000
    outer loop
      vertex  4.057037e+000  1.569378e+000 -1.735473e-002
      vertex  3.773605e+000  2.061530e+000 -1.735473e-002
      vertex  3.817484e+000  2.085501e+000 -1.735473e-002
    endloop
  endfacet
  facet normal  -0.000000e+000  0.000000e+000 -9.999999e-001
    outer loop
      vertex  3.817484e+000  2.085501e+000 -1.735473e-002
      vertex  3.773605e+000  2.061530e+000 -1.735473e-002
      vertex  3.472238e+000  2.536448e+000 -1.735473e-002
    endloop
  endfacet
  facet normal  0.000000e+000  0.000000e+000 -9.999999e-001
    outer loop
      vertex  3.817484e+000  2.085501e+000 -1.735473e-002
      vertex  3.472238e+000  2.536448e+000 -1.735473e-002
      vertex  3.512613e+000  2.565941e+000 -1.735473e-002
    endloop
  endfacet
  facet normal  -0.000000e+000  0.000000e+000 -1.000000e+000
    outer loop
      vertex  3.512613e+000  2.565941e+000 -1.735473e-002
      vertex  3.472238e+000  2.536448e+000 -1.735473e-002
      vertex  3.111459e+000  2.967966e+000 -1.735473e-002
    endloop
  endfacet
  facet normal  0.000000e+000  0.000000e+000 -1.000000e+000
    outer loop
      vertex  3.512613e+000  2.565941e+000 -1.735473e-002
      vertex  3.111459e+000  2.967966e+000 -1.735473e-002
      vertex  3.147639e+000  3.002477e+000 -1.735473e-002
    endloop
  endfacet
  facet normal  -0.000000e+000  0.000000e+000 -1.000000e+000
    outer loop
      vertex  3.147639e+000  3.002477e+000 -1.735473e-002
      vertex  3.111459e+000  2.967966e+000 -1.735473e-002
      vertex  2.697443e+000  3.348701e+000 -1.735473e-002
    endloop
  endfacet
  facet normal  0.000000e+000  0.000000e+000 -9.999999e-001
    outer loop
      vertex  3.147639e+000  3.002477e+000 -1.735473e-002
      vertex  2.697443e+000  3.348701e+000 -1.735473e-002
      vertex  2.728809e+000  3.387640e+000 -1.735473e-002
    endloop
  endfacet
  facet normal  -0.000000e+000  0.000000e+000 -1.000000e+000
    outer loop
      vertex  2.728809e+000  3.387640e+000 -1.735473e-002
      vertex  2.697443e+000  3.348701e+000 -1.735473e-002
      vertex  2.237273e+000  3.672140e+000 -1.735473e-002
    endloop
  endfacet
  facet normal  0.000000e+000  0.000000e+000 -1.000000e+000
    outer loop
      vertex  2.728809e+000  3.387640e+000 -1.735473e-002
      vertex  2.237273e+000  3.672140e+000 -1.735473e-002
      vertex  2.263288e+000  3.714839e+000 -1.735473e-002
    endloop
  endfacet
  facet normal  -0.000000e+000  0.000000e+000 -1.000000e+000
    outer loop
      vertex  2.263288e+000  3.714839e+000 -1.735473e-002
      vertex  2.237273e+000  3.672140e+000 -1.735473e-002
      vertex  1.738822e+000  3.932747e+000 -1.735473e-002
    endloop
  endfacet
  facet normal  0.000000e+000  0.000000e+000 -1.000000e+000
    outer loop
      vertex  2.263288e+000  3.714839e+000 -1.735473e-002
      vertex  1.738822e+000  3.932747e+000 -1.735473e-002
      vertex  1.759041e+000  3.978476e+000 -1.735473e-002
    endloop
  endfacet
  facet normal  -0.000000e+000  0.000000e+000 -1.000000e+000
    outer loop
      vertex  1.759041e+000  3.978476e+000 -1.735473e-002
      vertex  1.738822e+000  3.932747e+000 -1.735473e-002
      vertex  1.210620e+000  4.126063e+000 -1.735473e-002
    endloop
  endfacet
  facet normal  0.000000e+000  0.000000e+000 -9.999999e-001
    outer loop
      vertex  1.759041e+000  3.978476e+000 -1.735473e-002
      vertex  1.210620e+000  4.126063e+000 -1.735473e-002
      vertex  1.224697e+000  4.174041e+000 -1.735473e-002
    endloop
  endfacet
  facet normal  -0.000000e+000  0.000000e+000 -1.000000e+000
    outer loop
      vertex  1.224697e+000  4.174041e+000 -1.735473e-002
      vertex  1.210620e+000  4.126063e+000 -1.735473e-002
      vertex  6.617036e-001  4.248782e+000 -1.735473e-002
    endloop
  endfacet
  facet normal  0.000000e+000  0.000000e+000 -9.999999e-001
    outer loop
      vertex  1.224697e+000  4.174041e+000 -1.735473e-002
      vertex  6.617036e-001  4.248782e+000 -1.735473e-002
      vertex  6.693978e-001  4.298186e+000 -1.735473e-002
    endloop
  endfacet
  facet normal  -0.000000e+000  0.000000e+000  1.000000e+000
    outer loop
      vertex -6.617036e-001 -4.248782e+000  8.264527e-002
      vertex -6.693978e-001 -4.298186e+000  8.264527e-002
      vertex -1.014653e-001 -4.298803e+000  8.264527e-002
    endloop
  endfacet
  facet normal  0.000000e+000  0.000000e+000  1.000000e+000
    outer loop
      vertex -1.014653e-001 -4.298803e+000  8.264527e-002
      vertex -6.693978e-001 -4.298186e+000  8.264527e-002
      vertex -1.026451e-001 -4.348789e+000  8.264527e-002
    endloop
  endfacet
  facet normal  0.000000e+000  0.000000e+000  1.000000e+000
    outer loop
      vertex -1.014653e-001 -4.298803e+000  8.264527e-002
      vertex -1.026451e-001 -4.348789e+000  8.264527e-002
      vertex  4.605091e-001 -4.275270e+000  8.264527e-002
    endloop
  endfacet
  facet normal  0.000000e+000  0.000000e+000  9.999999e-001
    outer loop
      vertex  4.605091e-001 -4.275270e+000  8.264527e-002
      vertex -1.026451e-001 -4.348789e+000  8.264527e-002
      vertex  4.658639e-001 -4.324982e+000  8.264527e-002
    endloop
  endfacet
  facet normal  0.000000e+000  -0.000000e+000  9.999999e-001
    outer loop
      vertex  4.605091e-001 -4.275270e+000  8.264527e-002
      vertex  4.658639e-001 -4.324982e+000  8.264527e-002
      vertex  1.026402e+000 -4.227174e+000  8.264527e-002
    endloop
  endfacet
  facet normal  0.000000e+000  0.000000e+000  1.000000e+000
    outer loop
      vertex  6.617036e-001  4.248782e+000  8.264527e-002
      vertex  6.693978e-001  4.298186e+000  8.264527e-002
      vertex  1.014653e-001  4.298803e+000  8.264527e-002
    endloop
  endfacet
  facet normal  -0.000000e+000  0.000000e+000  1.000000e+000
    outer loop
      vertex  1.014653e-001  4.298803e+000  8.264527e-002
      vertex  6.693978e-001  4.298186e+000  8.264527e-002
      vertex  1.026451e-001  4.348789e+000  8.264527e-002
    endloop
  endfacet
  facet normal  0.000000e+000  0.000000e+000  1.000000e+000
    outer loop
      vertex  1.014653e-001  4.298803e+000  8.264527e-002
      vertex  1.026451e-001  4.348789e+000  8.264527e-002
      vertex -4.605091e-001  4.275270e+000  8.264527e-002
    endloop
  endfacet
  facet normal  0.000000e+000  -0.000000e+000  9.999999e-001
    outer loop
      vertex -4.605091e-001  4.275270e+000  8.264527e-002
      vertex  1.026451e-001  4.348789e+000  8.264527e-002
      vertex -4.658639e-001  4.324982e+000  8.264527e-002
    endloop
  endfacet
  facet normal  0.000000e+000  0.000000e+000  9.999999e-001
    outer loop
      vertex -4.605091e-001  4.275270e+000  8.264527e-002
      vertex -4.658639e-001  4.324982e+000  8.264527e-002
      vertex -1.026402e+000  4.227174e+000  8.264527e-002
    endloop
  endfacet
  facet normal  0.000000e+000  0.000000e+000  9.999999e-001
    outer loop
      vertex -6.693978e-001 -4.298186e+000  8.264527e-002
      vertex -6.617036e-001 -4.248782e+000  8.264527e-002
      vertex -1.224697e+000 -4.174041e+000  8.264527e-002
    endloop
  endfacet
  facet normal  -0.000000e+000  0.000000e+000  1.000000e+000
    outer loop
      vertex -1.224697e+000 -4.174041e+000  8.264527e-002
      vertex -6.617036e-001 -4.248782e+000  8.264527e-002
      vertex -1.210620e+000 -4.126063e+000  8.264527e-002
    endloop
  endfacet
  facet normal  0.000000e+000  0.000000e+000  9.999999e-001
    outer loop
      vertex -1.224697e+000 -4.174041e+000  8.264527e-002
      vertex -1.210620e+000 -4.126063e+000  8.264527e-002
      vertex -1.759041e+000 -3.978476e+000  8.264527e-002
    endloop
  endfacet
  facet normal  -0.000000e+000  0.000000e+000  1.000000e+000
    outer loop
      vertex -1.759041e+000 -3.978476e+000  8.264527e-002
      vertex -1.210620e+000 -4.126063e+000  8.264527e-002
      vertex -1.738822e+000 -3.932747e+000  8.264527e-002
    endloop
  endfacet
  facet normal  0.000000e+000  0.000000e+000  1.000000e+000
    outer loop
      vertex -1.759041e+000 -3.978476e+000  8.264527e-002
      vertex -1.738822e+000 -3.932747e+000  8.264527e-002
      vertex -2.263288e+000 -3.714839e+000  8.264527e-002
    endloop
  endfacet
  facet normal  -0.000000e+000  0.000000e+000  1.000000e+000
    outer loop
      vertex -2.263288e+000 -3.714839e+000  8.264527e-002
      vertex -1.738822e+000 -3.932747e+000  8.264527e-002
      vertex -2.237273e+000 -3.672140e+000  8.264527e-002
    endloop
  endfacet
  facet normal  0.000000e+000  0.000000e+000  1.000000e+000
    outer loop
      vertex -2.263288e+000 -3.714839e+000  8.264527e-002
      vertex -2.237273e+000 -3.672140e+000  8.264527e-002
      vertex -2.728809e+000 -3.387640e+000  8.264527e-002
    endloop
  endfacet
  facet normal  -0.000000e+000  0.000000e+000  1.000000e+000
    outer loop
      vertex -2.728809e+000 -3.387640e+000  8.264527e-002
      vertex -2.237273e+000 -3.672140e+000  8.264527e-002
      vertex -2.697443e+000 -3.348701e+000  8.264527e-002
    endloop
  endfacet
  facet normal  0.000000e+000  0.000000e+000  9.999999e-001
    outer loop
      vertex -2.728809e+000 -3.387640e+000  8.264527e-002
      vertex -2.697443e+000 -3.348701e+000  8.264527e-002
      vertex -3.147639e+000 -3.002477e+000  8.264527e-002
    endloop
  endfacet
  facet normal  -0.000000e+000  0.000000e+000  1.000000e+000
    outer loop
      vertex -3.147639e+000 -3.002477e+000  8.264527e-002
      vertex -2.697443e+000 -3.348701e+000  8.264527e-002
      vertex -3.111459e+000 -2.967966e+000  8.264527e-002
    endloop
  endfacet
  facet normal  0.000000e+000  0.000000e+000  1.000000e+000
    outer loop
      vertex -3.147639e+000 -3.002477e+000  8.264527e-002
      vertex -3.111459e+000 -2.967966e+000  8.264527e-002
      vertex -3.512613e+000 -2.565941e+000  8.264527e-002
    endloop
  endfacet
  facet normal  -0.000000e+000  0.000000e+000  1.000000e+000
    outer loop
      vertex -3.512613e+000 -2.565941e+000  8.264527e-002
      vertex -3.111459e+000 -2.967966e+000  8.264527e-002
      vertex -3.472238e+000 -2.536448e+000  8.264527e-002
    endloop
  endfacet
  facet normal  0.000000e+000  0.000000e+000  9.999999e-001
    outer loop
      vertex -3.512613e+000 -2.565941e+000  8.264527e-002
      vertex -3.472238e+000 -2.536448e+000  8.264527e-002
      vertex -3.817484e+000 -2.085501e+000  8.264527e-002
    endloop
  endfacet
  facet normal  -0.000000e+000  0.000000e+000  9.999999e-001
    outer loop
      vertex -3.817484e+000 -2.085501e+000  8.264527e-002
      vertex -3.472238e+000 -2.536448e+000  8.264527e-002
      vertex -3.773605e+000 -2.061530e+000  8.264527e-002
    endloop
  endfacet
  facet normal  0.000000e+000  0.000000e+000  1.000000e+000
    outer loop
      vertex -3.817484e+000 -2.085501e+000  8.264527e-002
      vertex -3.773605e+000 -2.061530e+000  8.264527e-002
      vertex -4.057037e+000 -1.569378e+000  8.264527e-002
    endloop
  endfacet
  facet normal  -0.000000e+000  0.000000e+000  1.000000e+000
    outer loop
      vertex -4.057037e+000 -1.569378e+000  8.264527e-002
      vertex -3.773605e+000 -2.061530e+000  8.264527e-002
      vertex -4.010405e+000 -1.551339e+000  8.264527e-002
    endloop
  endfacet
  facet normal  0.000000e+000  0.000000e+000  9.999999e-001
    outer loop
      vertex -4.057037e+000 -1.569378e+000  8.264527e-002
      vertex -4.010405e+000 -1.551339e+000  8.264527e-002
      vertex -4.227174e+000 -1.026402e+000  8.264527e-002
    endloop
  endfacet
  facet normal  -0.000000e+000  0.000000e+000  1.000000e+000
    outer loop
      vertex -4.227174e+000 -1.026402e+000  8.264527e-002
      vertex -4.010405e+000 -1.551339e+000  8.264527e-002
      vertex -4.178586e+000 -1.014604e+000  8.264527e-002
    endloop
  endfacet
  facet normal  0.000000e+000  0.000000e+000  9.999999e-001
    outer loop
      vertex -4.227174e+000 -1.026402e+000  8.264527e-002
      vertex -4.178586e+000 -1.014604e+000  8.264527e-002
      vertex -4.324982e+000 -4.658639e-001  8.264527e-002
    endloop
  endfacet
  facet normal  -0.000000e+000  0.000000e+000  1.000000e+000
    outer loop
      vertex -4.324982e+000 -4.658639e-001  8.264527e-002
      vertex -4.178586e+000 -1.014604e+000  8.264527e-002
      vertex -4.275270e+000 -4.605091e-001  8.264527e-002
    endloop
  endfacet
  facet normal  0.000000e+000  0.000000e+000  9.999999e-001
    outer loop
      vertex -4.324982e+000 -4.658639e-001  8.264527e-002
      vertex -4.275270e+000 -4.605091e-001  8.264527e-002
      vertex -4.348789e+000  1.026451e-001  8.264527e-002
    endloop
  endfacet
  facet normal  0.000000e+000  0.000000e+000  1.000000e+000
    outer loop
      vertex -4.348789e+000  1.026451e-001  8.264527e-002
      vertex -4.275270e+000 -4.605091e-001  8.264527e-002
      vertex -4.298803e+000  1.014653e-001  8.264527e-002
    endloop
  endfacet
  facet normal  0.000000e+000  -0.000000e+000  1.000000e+000
    outer loop
      vertex -4.348789e+000  1.026451e-001  8.264527e-002
      vertex -4.298803e+000  1.014653e-001  8.264527e-002
      vertex -4.298186e+000  6.693978e-001  8.264527e-002
    endloop
  endfacet
  facet normal  0.000000e+000  0.000000e+000  1.000000e+000
    outer loop
      vertex -4.298186e+000  6.693978e-001  8.264527e-002
      vertex -4.298803e+000  1.014653e-001  8.264527e-002
      vertex -4.248782e+000  6.617036e-001  8.264527e-002
    endloop
  endfacet
  facet normal  0.000000e+000  -0.000000e+000  9.999999e-001
    outer loop
      vertex -4.298186e+000  6.693978e-001  8.264527e-002
      vertex -4.248782e+000  6.617036e-001  8.264527e-002
      vertex -4.174041e+000  1.224697e+000  8.264527e-002
    endloop
  endfacet
  facet normal  0.000000e+000  0.000000e+000  1.000000e+000
    outer loop
      vertex -4.174041e+000  1.224697e+000  8.264527e-002
      vertex -4.248782e+000  6.617036e-001  8.264527e-002
      vertex -4.126063e+000  1.210620e+000  8.264527e-002
    endloop
  endfacet
  facet normal  0.000000e+000  -0.000000e+000  9.999999e-001
    outer loop
      vertex -4.174041e+000  1.224697e+000  8.264527e-002
      vertex -4.126063e+000  1.210620e+000  8.264527e-002
      vertex -3.978476e+000  1.759041e+000  8.264527e-002
    endloop
  endfacet
  facet normal  0.000000e+000  0.000000e+000  1.000000e+000
    outer loop
      vertex -3.978476e+000  1.759041e+000  8.264527e-002
      vertex -4.126063e+000  1.210620e+000  8.264527e-002
      vertex -3.932747e+000  1.738822e+000  8.264527e-002
    endloop
  endfacet
  facet normal  0.000000e+000  -0.000000e+000  1.000000e+000
    outer loop
      vertex -3.978476e+000  1.759041e+000  8.264527e-002
      vertex -3.932747e+000  1.738822e+000  8.264527e-002
      vertex -3.714839e+000  2.263288e+000  8.264527e-002
    endloop
  endfacet
  facet normal  0.000000e+000  0.000000e+000  1.000000e+000
    outer loop
      vertex -3.714839e+000  2.263288e+000  8.264527e-002
      vertex -3.932747e+000  1.738822e+000  8.264527e-002
      vertex -3.672140e+000  2.237273e+000  8.264527e-002
    endloop
  endfacet
  facet normal  0.000000e+000  -0.000000e+000  1.000000e+000
    outer loop
      vertex -3.714839e+000  2.263288e+000  8.264527e-002
      vertex -3.672140e+000  2.237273e+000  8.264527e-002
      vertex -3.387640e+000  2.728809e+000  8.264527e-002
    endloop
  endfacet
  facet normal  0.000000e+000  0.000000e+000  1.000000e+000
    outer loop
      vertex -3.387640e+000  2.728809e+000  8.264527e-002
      vertex -3.672140e+000  2.237273e+000  8.264527e-002
      vertex -3.348701e+000  2.697443e+000  8.264527e-002
    endloop
  endfacet
  facet normal  0.000000e+000  -0.000000e+000  9.999999e-001
    outer loop
      vertex -3.387640e+000  2.728809e+000  8.264527e-002
      vertex -3.348701e+000  2.697443e+000  8.264527e-002
      vertex -3.002477e+000  3.147639e+000  8.264527e-002
    endloop
  endfacet
  facet normal  0.000000e+000  0.000000e+000  1.000000e+000
    outer loop
      vertex -3.002477e+000  3.147639e+000  8.264527e-002
      vertex -3.348701e+000  2.697443e+000  8.264527e-002
      vertex -2.967966e+000  3.111459e+000  8.264527e-002
    endloop
  endfacet
  facet normal  0.000000e+000  -0.000000e+000  1.000000e+000
    outer loop
      vertex -3.002477e+000  3.147639e+000  8.264527e-002
      vertex -2.967966e+000  3.111459e+000  8.264527e-002
      vertex -2.565941e+000  3.512613e+000  8.264527e-002
    endloop
  endfacet
  facet normal  0.000000e+000  0.000000e+000  1.000000e+000
    outer loop
      vertex -2.565941e+000  3.512613e+000  8.264527e-002
      vertex -2.967966e+000  3.111459e+000  8.264527e-002
      vertex -2.536448e+000  3.472238e+000  8.264527e-002
    endloop
  endfacet
  facet normal  0.000000e+000  -0.000000e+000  9.999999e-001
    outer loop
      vertex -2.565941e+000  3.512613e+000  8.264527e-002
      vertex -2.536448e+000  3.472238e+000  8.264527e-002
      vertex -2.085501e+000  3.817484e+000  8.264527e-002
    endloop
  endfacet
  facet normal  0.000000e+000  0.000000e+000  9.999999e-001
    outer loop
      vertex -2.085501e+000  3.817484e+000  8.264527e-002
      vertex -2.536448e+000  3.472238e+000  8.264527e-002
      vertex -2.061530e+000  3.773605e+000  8.264527e-002
    endloop
  endfacet
  facet normal  0.000000e+000  -0.000000e+000  1.000000e+000
    outer loop
      vertex -2.085501e+000  3.817484e+000  8.264527e-002
      vertex -2.061530e+000  3.773605e+000  8.264527e-002
      vertex -1.569378e+000  4.057037e+000  8.264527e-002
    endloop
  endfacet
  facet normal  0.000000e+000  0.000000e+000  1.000000e+000
    outer loop
      vertex -1.569378e+000  4.057037e+000  8.264527e-002
      vertex -2.061530e+000  3.773605e+000  8.264527e-002
      vertex -1.551339e+000  4.010405e+000  8.264527e-002
    endloop
  endfacet
  facet normal  0.000000e+000  -0.000000e+000  9.999999e-001
    outer loop
      vertex -1.569378e+000  4.057037e+000  8.264527e-002
      vertex -1.551339e+000  4.010405e+000  8.264527e-002
      vertex -1.026402e+000  4.227174e+000  8.264527e-002
    endloop
  endfacet
  facet normal  0.000000e+000  0.000000e+000  1.000000e+000
    outer loop
      vertex -1.026402e+000  4.227174e+000  8.264527e-002
      vertex -1.551339e+000  4.010405e+000  8.264527e-002
      vertex -1.014604e+000  4.178586e+000  8.264527e-002
    endloop
  endfacet
  facet normal  0.000000e+000  -0.000000e+000  9.999999e-001
    outer loop
      vertex -1.026402e+000  4.227174e+000  8.264527e-002
      vertex -1.014604e+000  4.178586e+000  8.264527e-002
      vertex -4.605091e-001  4.275270e+000  8.264527e-002
    endloop
  endfacet
  facet normal  -0.000000e+000  0.000000e+000  9.999999e-001
    outer loop
      vertex  6.693978e-001  4.298186e+000  8.264527e-002
      vertex  6.617036e-001  4.248782e+000  8.264527e-002
      vertex  1.224697e+000  4.174041e+000  8.264527e-002
    endloop
  endfacet
  facet normal  0.000000e+000  0.000000e+000  1.000000e+000
    outer loop
      vertex  1.224697e+000  4.174041e+000  8.264527e-002
      vertex  6.617036e-001  4.248782e+000  8.264527e-002
      vertex  1.210620e+000  4.126063e+000  8.264527e-002
    endloop
  endfacet
  facet normal  -0.000000e+000  0.000000e+000  9.999999e-001
    outer loop
      vertex  1.224697e+000  4.174041e+000  8.264527e-002
      vertex  1.210620e+000  4.126063e+000  8.264527e-002
      vertex  1.759041e+000  3.978476e+000  8.264527e-002
    endloop
  endfacet
  facet normal  0.000000e+000  0.000000e+000  1.000000e+000
    outer loop
      vertex  1.759041e+000  3.978476e+000  8.264527e-002
      vertex  1.210620e+000  4.126063e+000  8.264527e-002
      vertex  1.738822e+000  3.932747e+000  8.264527e-002
    endloop
  endfacet
  facet normal  -0.000000e+000  0.000000e+000  1.000000e+000
    outer loop
      vertex  1.759041e+000  3.978476e+000  8.264527e-002
      vertex  1.738822e+000  3.932747e+000  8.264527e-002
      vertex  2.263288e+000  3.714839e+000  8.264527e-002
    endloop
  endfacet
  facet normal  0.000000e+000  0.000000e+000  1.000000e+000
    outer loop
      vertex  2.263288e+000  3.714839e+000  8.264527e-002
      vertex  1.738822e+000  3.932747e+000  8.264527e-002
      vertex  2.237273e+000  3.672140e+000  8.264527e-002
    endloop
  endfacet
  facet normal  -0.000000e+000  0.000000e+000  1.000000e+000
    outer loop
      vertex  2.263288e+000  3.714839e+000  8.264527e-002
      vertex  2.237273e+000  3.672140e+000  8.264527e-002
      vertex  2.728809e+000  3.387640e+000  8.264527e-002
    endloop
  endfacet
  facet normal  0.000000e+000  0.000000e+000  1.000000e+000
    outer loop
      vertex  2.728809e+000  3.387640e+000  8.264527e-002
      vertex  2.237273e+000  3.672140e+000  8.264527e-002
      vertex  2.697443e+000  3.348701e+000  8.264527e-002
    endloop
  endfacet
  facet normal  -0.000000e+000  0.000000e+000  9.999999e-001
    outer loop
      vertex  2.728809e+000  3.387640e+000  8.264527e-002
      vertex  2.697443e+000  3.348701e+000  8.264527e-002
      vertex  3.147639e+000  3.002477e+000  8.264527e-002
    endloop
  endfacet
  facet normal  0.000000e+000  0.000000e+000  1.000000e+000
    outer loop
      vertex  3.147639e+000  3.002477e+000  8.264527e-002
      vertex  2.697443e+000  3.348701e+000  8.264527e-002
      vertex  3.111459e+000  2.967966e+000  8.264527e-002
    endloop
  endfacet
  facet normal  -0.000000e+000  0.000000e+000  1.000000e+000
    outer loop
      vertex  3.147639e+000  3.002477e+000  8.264527e-002
      vertex  3.111459e+000  2.967966e+000  8.264527e-002
      vertex  3.512613e+000  2.565941e+000  8.264527e-002
    endloop
  endfacet
  facet normal  0.000000e+000  0.000000e+000  1.000000e+000
    outer loop
      vertex  3.512613e+000  2.565941e+000  8.264527e-002
      vertex  3.111459e+000  2.967966e+000  8.264527e-002
      vertex  3.472238e+000  2.536448e+000  8.264527e-002
    endloop
  endfacet
  facet normal  -0.000000e+000  0.000000e+000  9.999999e-001
    outer loop
      vertex  3.512613e+000  2.565941e+000  8.264527e-002
      vertex  3.472238e+000  2.536448e+000  8.264527e-002
      vertex  3.817484e+000  2.085501e+000  8.264527e-002
    endloop
  endfacet
  facet normal  0.000000e+000  0.000000e+000  9.999999e-001
    outer loop
      vertex  3.817484e+000  2.085501e+000  8.264527e-002
      vertex  3.472238e+000  2.536448e+000  8.264527e-002
      vertex  3.773605e+000  2.061530e+000  8.264527e-002
    endloop
  endfacet
  facet normal  -0.000000e+000  0.000000e+000  1.000000e+000
    outer loop
      vertex  3.817484e+000  2.085501e+000  8.264527e-002
      vertex  3.773605e+000  2.061530e+000  8.264527e-002
      vertex  4.057037e+000  1.569378e+000  8.264527e-002
    endloop
  endfacet
  facet normal  0.000000e+000  0.000000e+000  1.000000e+000
    outer loop
      vertex  4.057037e+000  1.569378e+000  8.264527e-002
      vertex  3.773605e+000  2.061530e+000  8.264527e-002
      vertex  4.010405e+000  1.551339e+000  8.264527e-002
    endloop
  endfacet
  facet normal  -0.000000e+000  0.000000e+000  9.999999e-001
    outer loop
      vertex  4.057037e+000  1.569378e+000  8.264527e-002
      vertex  4.010405e+000  1.551339e+000  8.264527e-002
      vertex  4.227174e+000  1.026402e+000  8.264527e-002
    endloop
  endfacet
  facet normal  0.000000e+000  0.000000e+000  1.000000e+000
    outer loop
      vertex  4.227174e+000  1.026402e+000  8.264527e-002
      vertex  4.010405e+000  1.551339e+000  8.264527e-002
      vertex  4.178586e+000  1.014604e+000  8.264527e-002
    endloop
  endfacet
  facet normal  -0.000000e+000  0.000000e+000  9.999999e-001
    outer loop
      vertex  4.227174e+000  1.026402e+000  8.264527e-002
      vertex  4.178586e+000  1.014604e+000  8.264527e-002
      vertex  4.324982e+000  4.658639e-001  8.264527e-002
    endloop
  endfacet
  facet normal  0.000000e+000  0.000000e+000  1.000000e+000
    outer loop
      vertex  4.324982e+000  4.658639e-001  8.264527e-002
      vertex  4.178586e+000  1.014604e+000  8.264527e-002
      vertex  4.275270e+000  4.605091e-001  8.264527e-002
    endloop
  endfacet
  facet normal  -0.000000e+000  0.000000e+000  9.999999e-001
    outer loop
      vertex  4.324982e+000  4.658639e-001  8.264527e-002
      vertex  4.275270e+000  4.605091e-001  8.264527e-002
      vertex  4.348789e+000 -1.026451e-001  8.264527e-002
    endloop
  endfacet
  facet normal  0.000000e+000  0.000000e+000  1.000000e+000
    outer loop
      vertex  4.348789e+000 -1.026451e-001  8.264527e-002
      vertex  4.275270e+000  4.605091e-001  8.264527e-002
      vertex  4.298803e+000 -1.014653e-001  8.264527e-002
    endloop
  endfacet
  facet normal  0.000000e+000  0.000000e+000  1.000000e+000
    outer loop
      vertex  4.348789e+000 -1.026451e-001  8.264527e-002
      vertex  4.298803e+000 -1.014653e-001  8.264527e-002
      vertex  4.298186e+000 -6.693978e-001  8.264527e-002
    endloop
  endfacet
  facet normal  0.000000e+000  -0.000000e+000  1.000000e+000
    outer loop
      vertex  4.298186e+000 -6.693978e-001  8.264527e-002
      vertex  4.298803e+000 -1.014653e-001  8.264527e-002
      vertex  4.248782e+000 -6.617036e-001  8.264527e-002
    endloop
  endfacet
  facet normal  0.000000e+000  0.000000e+000  9.999999e-001
    outer loop
      vertex  4.298186e+000 -6.693978e-001  8.264527e-002
      vertex  4.248782e+000 -6.617036e-001  8.264527e-002
      vertex  4.174041e+000 -1.224697e+000  8.264527e-002
    endloop
  endfacet
  facet normal  0.000000e+000  -0.000000e+000  1.000000e+000
    outer loop
      vertex  4.174041e+000 -1.224697e+000  8.264527e-002
      vertex  4.248782e+000 -6.617036e-001  8.264527e-002
      vertex  4.126063e+000 -1.210620e+000  8.264527e-002
    endloop
  endfacet
  facet normal  0.000000e+000  0.000000e+000  9.999999e-001
    outer loop
      vertex  4.174041e+000 -1.224697e+000  8.264527e-002
      vertex  4.126063e+000 -1.210620e+000  8.264527e-002
      vertex  3.978476e+000 -1.759041e+000  8.264527e-002
    endloop
  endfacet
  facet normal  0.000000e+000  -0.000000e+000  1.000000e+000
    outer loop
      vertex  3.978476e+000 -1.759041e+000  8.264527e-002
      vertex  4.126063e+000 -1.210620e+000  8.264527e-002
      vertex  3.932747e+000 -1.738822e+000  8.264527e-002
    endloop
  endfacet
  facet normal  0.000000e+000  0.000000e+000  1.000000e+000
    outer loop
      vertex  3.978476e+000 -1.759041e+000  8.264527e-002
      vertex  3.932747e+000 -1.738822e+000  8.264527e-002
      vertex  3.714839e+000 -2.263288e+000  8.264527e-002
    endloop
  endfacet
  facet normal  0.000000e+000  -0.000000e+000  1.000000e+000
    outer loop
      vertex  3.714839e+000 -2.263288e+000  8.264527e-002
      vertex  3.932747e+000 -1.738822e+000  8.264527e-002
      vertex  3.672140e+000 -2.237273e+000  8.264527e-002
    endloop
  endfacet
  facet normal  0.000000e+000  0.000000e+000  1.000000e+000
    outer loop
      vertex  3.714839e+000 -2.263288e+000  8.264527e-002
      vertex  3.672140e+000 -2.237273e+000  8.264527e-002
      vertex  3.387640e+000 -2.728809e+000  8.264527e-002
    endloop
  endfacet
  facet normal  0.000000e+000  -0.000000e+000  1.000000e+000
    outer loop
      vertex  3.387640e+000 -2.728809e+000  8.264527e-002
      vertex  3.672140e+000 -2.237273e+000  8.264527e-002
      vertex  3.348701e+000 -2.697443e+000  8.264527e-002
    endloop
  endfacet
  facet normal  0.000000e+000  0.000000e+000  9.999999e-001
    outer loop
      vertex  3.387640e+000 -2.728809e+000  8.264527e-002
      vertex  3.348701e+000 -2.697443e+000  8.264527e-002
      vertex  3.002477e+000 -3.147639e+000  8.264527e-002
    endloop
  endfacet
  facet normal  0.000000e+000  -0.000000e+000  1.000000e+000
    outer loop
      vertex  3.002477e+000 -3.147639e+000  8.264527e-002
      vertex  3.348701e+000 -2.697443e+000  8.264527e-002
      vertex  2.967966e+000 -3.111459e+000  8.264527e-002
    endloop
  endfacet
  facet normal  0.000000e+000  0.000000e+000  1.000000e+000
    outer loop
      vertex  3.002477e+000 -3.147639e+000  8.264527e-002
      vertex  2.967966e+000 -3.111459e+000  8.264527e-002
      vertex  2.565941e+000 -3.512613e+000  8.264527e-002
    endloop
  endfacet
  facet normal  0.000000e+000  -0.000000e+000  1.000000e+000
    outer loop
      vertex  2.565941e+000 -3.512613e+000  8.264527e-002
      vertex  2.967966e+000 -3.111459e+000  8.264527e-002
      vertex  2.536448e+000 -3.472238e+000  8.264527e-002
    endloop
  endfacet
  facet normal  0.000000e+000  0.000000e+000  9.999999e-001
    outer loop
      vertex  2.565941e+000 -3.512613e+000  8.264527e-002
      vertex  2.536448e+000 -3.472238e+000  8.264527e-002
      vertex  2.085501e+000 -3.817484e+000  8.264527e-002
    endloop
  endfacet
  facet normal  0.000000e+000  -0.000000e+000  9.999999e-001
    outer loop
      vertex  2.085501e+000 -3.817484e+000  8.264527e-002
      vertex  2.536448e+000 -3.472238e+000  8.264527e-002
      vertex  2.061530e+000 -3.773605e+000  8.264527e-002
    endloop
  endfacet
  facet normal  0.000000e+000  0.000000e+000  1.000000e+000
    outer loop
      vertex  2.085501e+000 -3.817484e+000  8.264527e-002
      vertex  2.061530e+000 -3.773605e+000  8.264527e-002
      vertex  1.569378e+000 -4.057037e+000  8.264527e-002
    endloop
  endfacet
  facet normal  0.000000e+000  -0.000000e+000  1.000000e+000
    outer loop
      vertex  1.569378e+000 -4.057037e+000  8.264527e-002
      vertex  2.061530e+000 -3.773605e+000  8.264527e-002
      vertex  1.551339e+000 -4.010405e+000  8.264527e-002
    endloop
  endfacet
  facet normal  0.000000e+000  0.000000e+000  9.999999e-001
    outer loop
      vertex  1.569378e+000 -4.057037e+000  8.264527e-002
      vertex  1.551339e+000 -4.010405e+000  8.264527e-002
      vertex  1.026402e+000 -4.227174e+000  8.264527e-002
    endloop
  endfacet
  facet normal  0.000000e+000  -0.000000e+000  1.000000e+000
    outer loop
      vertex  1.026402e+000 -4.227174e+000  8.264527e-002
      vertex  1.551339e+000 -4.010405e+000  8.264527e-002
      vertex  1.014604e+000 -4.178586e+000  8.264527e-002
    endloop
  endfacet
  facet normal  0.000000e+000  0.000000e+000  9.999999e-001
    outer loop
      vertex  1.026402e+000 -4.227174e+000  8.264527e-002
      vertex  1.014604e+000 -4.178586e+000  8.264527e-002
      vertex  4.605091e-001 -4.275270e+000  8.264527e-002
    endloop
  endfacet
  facet normal -8.263646e-001 -5.631353e-001  -0.000000e+000
    outer loop
      vertex  3.071539e-001  1.677989e-001 -2.291438e+000
      vertex  2.685161e-001  2.244975e-001 -1.717355e+000
      vertex  2.685161e-001  2.244975e-001 -2.291438e+000
    endloop
  endfacet
  facet normal -7.006242e-001 -7.135304e-001  0.000000e+000
    outer loop
      vertex  2.685161e-001  2.244975e-001 -2.291438e+000
      vertex  2.685161e-001  2.244975e-001 -1.717355e+000
      vertex  2.195593e-001  2.725687e-001 -1.717355e+000
    endloop
  endfacet
  facet normal -7.006242e-001 -7.135304e-001  -0.000000e+000
    outer loop
      vertex  2.685161e-001  2.244975e-001 -2.291438e+000
      vertex  2.195593e-001  2.725687e-001 -1.717355e+000
      vertex  2.195593e-001  2.725687e-001 -2.291438e+000
    endloop
  endfacet
  facet normal -5.479592e-001 -8.365051e-001  0.000000e+000
    outer loop
      vertex  2.195593e-001  2.725687e-001 -2.291438e+000
      vertex  2.195593e-001  2.725687e-001 -1.717355e+000
      vertex  1.621650e-001  3.101653e-001 -1.717355e+000
    endloop
  endfacet
  facet normal -5.479592e-001 -8.365051e-001  -0.000000e+000
    outer loop
      vertex  2.195593e-001  2.725687e-001 -2.291438e+000
      vertex  1.621650e-001  3.101653e-001 -1.717355e+000
      vertex  1.621650e-001  3.101653e-001 -2.291438e+000
    endloop
  endfacet
  facet normal -3.742361e-001 -9.273334e-001  0.000000e+000
    outer loop
      vertex  1.621650e-001  3.101653e-001 -2.291438e+000
      vertex  1.621650e-001  3.101653e-001 -1.717355e+000
      vertex  9.853884e-002  3.358424e-001 -1.717355e+000
    endloop
  endfacet
  facet normal -3.742361e-001 -9.273334e-001  -0.000000e+000
    outer loop
      vertex  1.621650e-001  3.101653e-001 -2.291438e+000
      vertex  9.853884e-002  3.358424e-001 -1.717355e+000
      vertex  9.853884e-002  3.358424e-001 -2.291438e+000
    endloop
  endfacet
  facet normal -1.861316e-001 -9.825249e-001  0.000000e+000
    outer loop
      vertex  9.853884e-002  3.358424e-001 -2.291438e+000
      vertex  9.853884e-002  3.358424e-001 -1.717355e+000
      vertex  3.112584e-002  3.486132e-001 -1.717355e+000
    endloop
  endfacet
  facet normal -1.861316e-001 -9.825249e-001  -0.000000e+000
    outer loop
      vertex  9.853884e-002  3.358424e-001 -2.291438e+000
      vertex  3.112584e-002  3.486132e-001 -1.717355e+000
      vertex  3.112584e-002  3.486132e-001 -2.291438e+000
    endloop
  endfacet
  facet normal  9.125909e-003 -9.999584e-001  0.000000e+000
    outer loop
      vertex  3.112584e-002  3.486132e-001 -2.291438e+000
      vertex  3.112584e-002  3.486132e-001 -1.717355e+000
      vertex -3.748330e-002  3.479871e-001 -1.717355e+000
    endloop
  endfacet
  facet normal  9.125909e-003 -9.999584e-001  0.000000e+000
    outer loop
      vertex  3.112584e-002  3.486132e-001 -2.291438e+000
      vertex -3.748330e-002  3.479871e-001 -1.717355e+000
      vertex -3.748330e-002  3.479871e-001 -2.291438e+000
    endloop
  endfacet
  facet normal  2.040329e-001 -9.789640e-001  0.000000e+000
    outer loop
      vertex -3.748330e-002  3.479871e-001 -2.291438e+000
      vertex -3.748330e-002  3.479871e-001 -1.717355e+000
      vertex -1.046520e-001  3.339880e-001 -1.717355e+000
    endloop
  endfacet
  facet normal  2.040329e-001 -9.789640e-001  0.000000e+000
    outer loop
      vertex -3.748330e-002  3.479871e-001 -2.291438e+000
      vertex -1.046520e-001  3.339880e-001 -1.717355e+000
      vertex -1.046520e-001  3.339880e-001 -2.291438e+000
    endloop
  endfacet
  facet normal  3.910988e-001 -9.203487e-001  0.000000e+000
    outer loop
      vertex -1.046520e-001  3.339880e-001 -2.291438e+000
      vertex -1.046520e-001  3.339880e-001 -1.717355e+000
      vertex -1.677989e-001  3.071539e-001 -1.717355e+000
    endloop
  endfacet
  facet normal  3.910988e-001 -9.203487e-001  0.000000e+000
    outer loop
      vertex -1.046520e-001  3.339880e-001 -2.291438e+000
      vertex -1.677989e-001  3.071539e-001 -1.717355e+000
      vertex -1.677989e-001  3.071539e-001 -2.291438e+000
    endloop
  endfacet
  facet normal -8.263646e-001 -5.631353e-001  0.000000e+000
    outer loop
      vertex  2.685161e-001  2.244975e-001 -1.717355e+000
      vertex  3.071539e-001  1.677989e-001 -2.291438e+000
      vertex  3.071539e-001  1.677989e-001 -1.717355e+000
    endloop
  endfacet
  facet normal -9.203487e-001 -3.910988e-001  -0.000000e+000
    outer loop
      vertex  3.071539e-001  1.677989e-001 -1.717355e+000
      vertex  3.071539e-001  1.677989e-001 -2.291438e+000
      vertex  3.339880e-001  1.046520e-001 -2.291438e+000
    endloop
  endfacet
  facet normal -9.203487e-001 -3.910988e-001  0.000000e+000
    outer loop
      vertex  3.071539e-001  1.677989e-001 -1.717355e+000
      vertex  3.339880e-001  1.046520e-001 -2.291438e+000
      vertex  3.339880e-001  1.046520e-001 -1.717355e+000
    endloop
  endfacet
  facet normal -9.789640e-001 -2.040329e-001  -0.000000e+000
    outer loop
      vertex  3.339880e-001  1.046520e-001 -1.717355e+000
      vertex  3.339880e-001  1.046520e-001 -2.291438e+000
      vertex  3.479871e-001  3.748330e-002 -2.291438e+000
    endloop
  endfacet
  facet normal -9.789640e-001 -2.040329e-001  0.000000e+000
    outer loop
      vertex  3.339880e-001  1.046520e-001 -1.717355e+000
      vertex  3.479871e-001  3.748330e-002 -2.291438e+000
      vertex  3.479871e-001  3.748330e-002 -1.717355e+000
    endloop
  endfacet
  facet normal -9.999584e-001 -9.125909e-003  -0.000000e+000
    outer loop
      vertex  3.479871e-001  3.748330e-002 -1.717355e+000
      vertex  3.479871e-001  3.748330e-002 -2.291438e+000
      vertex  3.486132e-001 -3.112584e-002 -2.291438e+000
    endloop
  endfacet
  facet normal -9.999584e-001 -9.125909e-003  0.000000e+000
    outer loop
      vertex  3.479871e-001  3.748330e-002 -1.717355e+000
      vertex  3.486132e-001 -3.112584e-002 -2.291438e+000
      vertex  3.486132e-001 -3.112584e-002 -1.717355e+000
    endloop
  endfacet
  facet normal -9.825249e-001  1.861316e-001  0.000000e+000
    outer loop
      vertex  3.486132e-001 -3.112584e-002 -1.717355e+000
      vertex  3.486132e-001 -3.112584e-002 -2.291438e+000
      vertex  3.358424e-001 -9.853884e-002 -2.291438e+000
    endloop
  endfacet
  facet normal -9.825249e-001  1.861316e-001  0.000000e+000
    outer loop
      vertex  3.486132e-001 -3.112584e-002 -1.717355e+000
      vertex  3.358424e-001 -9.853884e-002 -2.291438e+000
      vertex  3.358424e-001 -9.853884e-002 -1.717355e+000
    endloop
  endfacet
  facet normal -9.273334e-001  3.742361e-001  0.000000e+000
    outer loop
      vertex  3.358424e-001 -9.853884e-002 -1.717355e+000
      vertex  3.358424e-001 -9.853884e-002 -2.291438e+000
      vertex  3.101653e-001 -1.621650e-001 -2.291438e+000
    endloop
  endfacet
  facet normal -9.273334e-001  3.742361e-001  0.000000e+000
    outer loop
      vertex  3.358424e-001 -9.853884e-002 -1.717355e+000
      vertex  3.101653e-001 -1.621650e-001 -2.291438e+000
      vertex  3.101653e-001 -1.621650e-001 -1.717355e+000
    endloop
  endfacet
  facet normal -8.365051e-001  5.479592e-001  0.000000e+000
    outer loop
      vertex  3.101653e-001 -1.621650e-001 -1.717355e+000
      vertex  3.101653e-001 -1.621650e-001 -2.291438e+000
      vertex  2.725687e-001 -2.195593e-001 -2.291438e+000
    endloop
  endfacet
  facet normal -8.365051e-001  5.479592e-001  0.000000e+000
    outer loop
      vertex  3.101653e-001 -1.621650e-001 -1.717355e+000
      vertex  2.725687e-001 -2.195593e-001 -2.291438e+000
      vertex  2.725687e-001 -2.195593e-001 -1.717355e+000
    endloop
  endfacet
  facet normal -7.135304e-001  7.006242e-001  0.000000e+000
    outer loop
      vertex  2.725687e-001 -2.195593e-001 -1.717355e+000
      vertex  2.725687e-001 -2.195593e-001 -2.291438e+000
      vertex  2.244975e-001 -2.685161e-001 -2.291438e+000
    endloop
  endfacet
  facet normal -7.135304e-001  7.006242e-001  0.000000e+000
    outer loop
      vertex  2.725687e-001 -2.195593e-001 -1.717355e+000
      vertex  2.244975e-001 -2.685161e-001 -2.291438e+000
      vertex  2.244975e-001 -2.685161e-001 -1.717355e+000
    endloop
  endfacet
  facet normal -5.631353e-001  8.263646e-001  0.000000e+000
    outer loop
      vertex  2.244975e-001 -2.685161e-001 -1.717355e+000
      vertex  2.244975e-001 -2.685161e-001 -2.291438e+000
      vertex  1.677989e-001 -3.071539e-001 -2.291438e+000
    endloop
  endfacet
  facet normal -5.631353e-001  8.263646e-001  0.000000e+000
    outer loop
      vertex  2.244975e-001 -2.685161e-001 -1.717355e+000
      vertex  1.677989e-001 -3.071539e-001 -2.291438e+000
      vertex  1.677989e-001 -3.071539e-001 -1.717355e+000
    endloop
  endfacet
  facet normal -8.443477e-001 -5.357956e-001  -0.000000e+000
    outer loop
      vertex  3.817484e+000  2.085501e+000 -1.717355e+000
      vertex  3.512613e+000  2.565941e+000 -1.735473e-002
      vertex  3.512613e+000  2.565941e+000 -1.717355e+000
    endloop
  endfacet
  facet normal -7.671885e-001 -6.414216e-001  0.000000e+000
    outer loop
      vertex  3.512613e+000  2.565941e+000 -1.717355e+000
      vertex  3.512613e+000  2.565941e+000 -1.735473e-002
      vertex  3.147639e+000  3.002477e+000 -1.735473e-002
    endloop
  endfacet
  facet normal -7.671885e-001 -6.414216e-001  -0.000000e+000
    outer loop
      vertex  3.512613e+000  2.565941e+000 -1.717355e+000
      vertex  3.147639e+000  3.002477e+000 -1.735473e-002
      vertex  3.147639e+000  3.002477e+000 -1.717355e+000
    endloop
  endfacet
  facet normal -6.769031e-001 -7.360721e-001  0.000000e+000
    outer loop
      vertex  3.147639e+000  3.002477e+000 -1.717355e+000
      vertex  3.147639e+000  3.002477e+000 -1.735473e-002
      vertex  2.728809e+000  3.387640e+000 -1.735473e-002
    endloop
  endfacet
  facet normal -6.769031e-001 -7.360721e-001  -0.000000e+000
    outer loop
      vertex  3.147639e+000  3.002477e+000 -1.717355e+000
      vertex  2.728809e+000  3.387640e+000 -1.735473e-002
      vertex  2.728809e+000  3.387640e+000 -1.717355e+000
    endloop
  endfacet
  facet normal -5.750355e-001 -8.181285e-001  0.000000e+000
    outer loop
      vertex  2.728809e+000  3.387640e+000 -1.717355e+000
      vertex  2.728809e+000  3.387640e+000 -1.735473e-002
      vertex  2.263288e+000  3.714839e+000 -1.735473e-002
    endloop
  endfacet
  facet normal -5.750355e-001 -8.181285e-001  -0.000000e+000
    outer loop
      vertex  2.728809e+000  3.387640e+000 -1.717355e+000
      vertex  2.263288e+000  3.714839e+000 -1.735473e-002
      vertex  2.263288e+000  3.714839e+000 -1.717355e+000
    endloop
  endfacet
  facet normal -4.633285e-001 -8.861866e-001  0.000000e+000
    outer loop
      vertex  2.263288e+000  3.714839e+000 -1.717355e+000
      vertex  2.263288e+000  3.714839e+000 -1.735473e-002
      vertex  1.759041e+000  3.978476e+000 -1.735473e-002
    endloop
  endfacet
  facet normal -4.633285e-001 -8.861866e-001  -0.000000e+000
    outer loop
      vertex  2.263288e+000  3.714839e+000 -1.717355e+000
      vertex  1.759041e+000  3.978476e+000 -1.735473e-002
      vertex  1.759041e+000  3.978476e+000 -1.717355e+000
    endloop
  endfacet
  facet normal -3.436943e-001 -9.390817e-001  0.000000e+000
    outer loop
      vertex  1.759041e+000  3.978476e+000 -1.717355e+000
      vertex  1.759041e+000  3.978476e+000 -1.735473e-002
      vertex  1.224697e+000  4.174041e+000 -1.735473e-002
    endloop
  endfacet
  facet normal -3.436943e-001 -9.390817e-001  -0.000000e+000
    outer loop
      vertex  1.759041e+000  3.978476e+000 -1.717355e+000
      vertex  1.224697e+000  4.174041e+000 -1.735473e-002
      vertex  1.224697e+000  4.174041e+000 -1.717355e+000
    endloop
  endfacet
  facet normal -2.181791e-001 -9.759088e-001  0.000000e+000
    outer loop
      vertex  1.224697e+000  4.174041e+000 -1.717355e+000
      vertex  1.224697e+000  4.174041e+000 -1.735473e-002
      vertex  6.693978e-001  4.298186e+000 -1.735473e-002
    endloop
  endfacet
  facet normal -2.181791e-001 -9.759088e-001  -0.000000e+000
    outer loop
      vertex  1.224697e+000  4.174041e+000 -1.717355e+000
      vertex  6.693978e-001  4.298186e+000 -1.735473e-002
      vertex  6.693978e-001  4.298186e+000 -1.717355e+000
    endloop
  endfacet
  facet normal -8.893111e-002 -9.960378e-001  0.000000e+000
    outer loop
      vertex  6.693978e-001  4.298186e+000 -1.717355e+000
      vertex  6.693978e-001  4.298186e+000 -1.735473e-002
      vertex  1.026451e-001  4.348789e+000 -1.735473e-002
    endloop
  endfacet
  facet normal -8.893111e-002 -9.960378e-001  -0.000000e+000
    outer loop
      vertex  6.693978e-001  4.298186e+000 -1.717355e+000
      vertex  1.026451e-001  4.348789e+000 -1.735473e-002
      vertex  1.026451e-001  4.348789e+000 -1.717355e+000
    endloop
  endfacet
  facet normal  4.183879e-002 -9.991245e-001  0.000000e+000
    outer loop
      vertex  1.026451e-001  4.348789e+000 -1.717355e+000
      vertex  1.026451e-001  4.348789e+000 -1.735473e-002
      vertex -4.658639e-001  4.324982e+000 -1.735473e-002
    endloop
  endfacet
  facet normal  4.183879e-002 -9.991245e-001  0.000000e+000
    outer loop
      vertex  1.026451e-001  4.348789e+000 -1.717355e+000
      vertex -4.658639e-001  4.324982e+000 -1.735473e-002
      vertex -4.658639e-001  4.324982e+000 -1.717355e+000
    endloop
  endfacet
  facet normal  1.718930e-001 -9.851156e-001  0.000000e+000
    outer loop
      vertex -4.658639e-001  4.324982e+000 -1.717355e+000
      vertex -4.658639e-001  4.324982e+000 -1.735473e-002
      vertex -1.026402e+000  4.227174e+000 -1.735473e-002
    endloop
  endfacet
  facet normal  1.718930e-001 -9.851156e-001  0.000000e+000
    outer loop
      vertex -4.658639e-001  4.324982e+000 -1.717355e+000
      vertex -1.026402e+000  4.227174e+000 -1.735473e-002
      vertex -1.026402e+000  4.227174e+000 -1.717355e+000
    endloop
  endfacet
  facet normal  2.990058e-001 -9.542513e-001  0.000000e+000
    outer loop
      vertex -1.026402e+000  4.227174e+000 -1.717355e+000
      vertex -1.026402e+000  4.227174e+000 -1.735473e-002
      vertex -1.569378e+000  4.057037e+000 -1.735473e-002
    endloop
  endfacet
  facet normal  2.990058e-001 -9.542513e-001  0.000000e+000
    outer loop
      vertex -1.026402e+000  4.227174e+000 -1.717355e+000
      vertex -1.569378e+000  4.057037e+000 -1.735473e-002
      vertex -1.569378e+000  4.057037e+000 -1.717355e+000
    endloop
  endfacet
  facet normal  4.210021e-001 -9.070597e-001  0.000000e+000
    outer loop
      vertex -1.569378e+000  4.057037e+000 -1.717355e+000
      vertex -1.569378e+000  4.057037e+000 -1.735473e-002
      vertex -2.085501e+000  3.817484e+000 -1.735473e-002
    endloop
  endfacet
  facet normal  4.210021e-001 -9.070597e-001  0.000000e+000
    outer loop
      vertex -1.569378e+000  4.057037e+000 -1.717355e+000
      vertex -2.085501e+000  3.817484e+000 -1.735473e-002
      vertex -2.085501e+000  3.817484e+000 -1.717355e+000
    endloop
  endfacet
  facet normal -8.443477e-001 -5.357956e-001  0.000000e+000
    outer loop
      vertex  3.512613e+000  2.565941e+000 -1.735473e-002
      vertex  3.817484e+000  2.085501e+000 -1.717355e+000
      vertex  3.817484e+000  2.085501e+000 -1.735473e-002
    endloop
  endfacet
  facet normal -9.070597e-001 -4.210021e-001  -0.000000e+000
    outer loop
      vertex  3.817484e+000  2.085501e+000 -1.735473e-002
      vertex  3.817484e+000  2.085501e+000 -1.717355e+000
      vertex  4.057037e+000  1.569378e+000 -1.717355e+000
    endloop
  endfacet
  facet normal -9.070597e-001 -4.210021e-001  0.000000e+000
    outer loop
      vertex  3.817484e+000  2.085501e+000 -1.735473e-002
      vertex  4.057037e+000  1.569378e+000 -1.717355e+000
      vertex  4.057037e+000  1.569378e+000 -1.735473e-002
    endloop
  endfacet
  facet normal -9.542513e-001 -2.990058e-001  -0.000000e+000
    outer loop
      vertex  4.057037e+000  1.569378e+000 -1.735473e-002
      vertex  4.057037e+000  1.569378e+000 -1.717355e+000
      vertex  4.227174e+000  1.026402e+000 -1.717355e+000
    endloop
  endfacet
  facet normal -9.542513e-001 -2.990058e-001  0.000000e+000
    outer loop
      vertex  4.057037e+000  1.569378e+000 -1.735473e-002
      vertex  4.227174e+000  1.026402e+000 -1.717355e+000
      vertex  4.227174e+000  1.026402e+000 -1.735473e-002
    endloop
  endfacet
  facet normal -9.851156e-001 -1.718930e-001  -0.000000e+000
    outer loop
      vertex  4.227174e+000  1.026402e+000 -1.735473e-002
      vertex  4.227174e+000  1.026402e+000 -1.717355e+000
      vertex  4.324982e+000  4.658639e-001 -1.717355e+000
    endloop
  endfacet
  facet normal -9.851156e-001 -1.718930e-001  0.000000e+000
    outer loop
      vertex  4.227174e+000  1.026402e+000 -1.735473e-002
      vertex  4.324982e+000  4.658639e-001 -1.717355e+000
      vertex  4.324982e+000  4.658639e-001 -1.735473e-002
    endloop
  endfacet
  facet normal -9.991245e-001 -4.183879e-002  -0.000000e+000
    outer loop
      vertex  4.324982e+000  4.658639e-001 -1.735473e-002
      vertex  4.324982e+000  4.658639e-001 -1.717355e+000
      vertex  4.348789e+000 -1.026451e-001 -1.717355e+000
    endloop
  endfacet
  facet normal -9.991245e-001 -4.183879e-002  0.000000e+000
    outer loop
      vertex  4.324982e+000  4.658639e-001 -1.735473e-002
      vertex  4.348789e+000 -1.026451e-001 -1.717355e+000
      vertex  4.348789e+000 -1.026451e-001 -1.735473e-002
    endloop
  endfacet
  facet normal -9.960378e-001  8.893111e-002  0.000000e+000
    outer loop
      vertex  4.348789e+000 -1.026451e-001 -1.735473e-002
      vertex  4.348789e+000 -1.026451e-001 -1.717355e+000
      vertex  4.298186e+000 -6.693978e-001 -1.717355e+000
    endloop
  endfacet
  facet normal -9.960378e-001  8.893111e-002  0.000000e+000
    outer loop
      vertex  4.348789e+000 -1.026451e-001 -1.735473e-002
      vertex  4.298186e+000 -6.693978e-001 -1.717355e+000
      vertex  4.298186e+000 -6.693978e-001 -1.735473e-002
    endloop
  endfacet
  facet normal -9.759088e-001  2.181791e-001  0.000000e+000
    outer loop
      vertex  4.298186e+000 -6.693978e-001 -1.735473e-002
      vertex  4.298186e+000 -6.693978e-001 -1.717355e+000
      vertex  4.174041e+000 -1.224697e+000 -1.717355e+000
    endloop
  endfacet
  facet normal -9.759088e-001  2.181791e-001  0.000000e+000
    outer loop
      vertex  4.298186e+000 -6.693978e-001 -1.735473e-002
      vertex  4.174041e+000 -1.224697e+000 -1.717355e+000
      vertex  4.174041e+000 -1.224697e+000 -1.735473e-002
    endloop
  endfacet
  facet normal -9.390817e-001  3.436943e-001  0.000000e+000
    outer loop
      vertex  4.174041e+000 -1.224697e+000 -1.735473e-002
      vertex  4.174041e+000 -1.224697e+000 -1.717355e+000
      vertex  3.978476e+000 -1.759041e+000 -1.717355e+000
    endloop
  endfacet
  facet normal -9.390817e-001  3.436943e-001  0.000000e+000
    outer loop
      vertex  4.174041e+000 -1.224697e+000 -1.735473e-002
      vertex  3.978476e+000 -1.759041e+000 -1.717355e+000
      vertex  3.978476e+000 -1.759041e+000 -1.735473e-002
    endloop
  endfacet
  facet normal -8.861866e-001  4.633285e-001  0.000000e+000
    outer loop
      vertex  3.978476e+000 -1.759041e+000 -1.735473e-002
      vertex  3.978476e+000 -1.759041e+000 -1.717355e+000
      vertex  3.714839e+000 -2.263288e+000 -1.717355e+000
    endloop
  endfacet
  facet normal -8.861866e-001  4.633285e-001  0.000000e+000
    outer loop
      vertex  3.978476e+000 -1.759041e+000 -1.735473e-002
      vertex  3.714839e+000 -2.263288e+000 -1.717355e+000
      vertex  3.714839e+000 -2.263288e+000 -1.735473e-002
    endloop
  endfacet
  facet normal -8.181285e-001  5.750355e-001  0.000000e+000
    outer loop
      vertex  3.714839e+000 -2.263288e+000 -1.735473e-002
      vertex  3.714839e+000 -2.263288e+000 -1.717355e+000
      vertex  3.387640e+000 -2.728809e+000 -1.717355e+000
    endloop
  endfacet
  facet normal -8.181285e-001  5.750355e-001  0.000000e+000
    outer loop
      vertex  3.714839e+000 -2.263288e+000 -1.735473e-002
      vertex  3.387640e+000 -2.728809e+000 -1.717355e+000
      vertex  3.387640e+000 -2.728809e+000 -1.735473e-002
    endloop
  endfacet
  facet normal -7.360721e-001  6.769031e-001  0.000000e+000
    outer loop
      vertex  3.387640e+000 -2.728809e+000 -1.735473e-002
      vertex  3.387640e+000 -2.728809e+000 -1.717355e+000
      vertex  3.002477e+000 -3.147639e+000 -1.717355e+000
    endloop
  endfacet
  facet normal -7.360721e-001  6.769031e-001  0.000000e+000
    outer loop
      vertex  3.387640e+000 -2.728809e+000 -1.735473e-002
      vertex  3.002477e+000 -3.147639e+000 -1.717355e+000
      vertex  3.002477e+000 -3.147639e+000 -1.735473e-002
    endloop
  endfacet
  facet normal -6.414216e-001  7.671885e-001  0.000000e+000
    outer loop
      vertex  3.002477e+000 -3.147639e+000 -1.735473e-002
      vertex  3.002477e+000 -3.147639e+000 -1.717355e+000
      vertex  2.565941e+000 -3.512613e+000 -1.717355e+000
    endloop
  endfacet
  facet normal -6.414216e-001  7.671885e-001  0.000000e+000
    outer loop
      vertex  3.002477e+000 -3.147639e+000 -1.735473e-002
      vertex  2.565941e+000 -3.512613e+000 -1.717355e+000
      vertex  2.565941e+000 -3.512613e+000 -1.735473e-002
    endloop
  endfacet
  facet normal -5.357956e-001  8.443477e-001  0.000000e+000
    outer loop
      vertex  2.565941e+000 -3.512613e+000 -1.735473e-002
      vertex  2.565941e+000 -3.512613e+000 -1.717355e+000
      vertex  2.085501e+000 -3.817484e+000 -1.717355e+000
    endloop
  endfacet
  facet normal -5.357956e-001  8.443477e-001  0.000000e+000
    outer loop
      vertex  2.565941e+000 -3.512613e+000 -1.735473e-002
      vertex  2.085501e+000 -3.817484e+000 -1.717355e+000
      vertex  2.085501e+000 -3.817484e+000 -1.735473e-002
    endloop
  endfacet
  facet normal -8.443476e-001 -5.357959e-001  -0.000000e+000
    outer loop
      vertex  3.773605e+000  2.061530e+000 -1.735473e-002
      vertex  3.472238e+000  2.536448e+000  8.264527e-002
      vertex  3.472238e+000  2.536448e+000 -1.735473e-002
    endloop
  endfacet
  facet normal -7.671887e-001 -6.414214e-001  0.000000e+000
    outer loop
      vertex  3.472238e+000  2.536448e+000 -1.735473e-002
      vertex  3.472238e+000  2.536448e+000  8.264527e-002
      vertex  3.111459e+000  2.967966e+000  8.264527e-002
    endloop
  endfacet
  facet normal -7.671887e-001 -6.414214e-001  -0.000000e+000
    outer loop
      vertex  3.472238e+000  2.536448e+000 -1.735473e-002
      vertex  3.111459e+000  2.967966e+000  8.264527e-002
      vertex  3.111459e+000  2.967966e+000 -1.735473e-002
    endloop
  endfacet
  facet normal -6.769031e-001 -7.360721e-001  0.000000e+000
    outer loop
      vertex  3.111459e+000  2.967966e+000 -1.735473e-002
      vertex  3.111459e+000  2.967966e+000  8.264527e-002
      vertex  2.697443e+000  3.348701e+000  8.264527e-002
    endloop
  endfacet
  facet normal -6.769031e-001 -7.360721e-001  -0.000000e+000
    outer loop
      vertex  3.111459e+000  2.967966e+000 -1.735473e-002
      vertex  2.697443e+000  3.348701e+000  8.264527e-002
      vertex  2.697443e+000  3.348701e+000 -1.735473e-002
    endloop
  endfacet
  facet normal -5.750354e-001 -8.181285e-001  0.000000e+000
    outer loop
      vertex  2.697443e+000  3.348701e+000 -1.735473e-002
      vertex  2.697443e+000  3.348701e+000  8.264527e-002
      vertex  2.237273e+000  3.672140e+000  8.264527e-002
    endloop
  endfacet
  facet normal -5.750354e-001 -8.181285e-001  -0.000000e+000
    outer loop
      vertex  2.697443e+000  3.348701e+000 -1.735473e-002
      vertex  2.237273e+000  3.672140e+000  8.264527e-002
      vertex  2.237273e+000  3.672140e+000 -1.735473e-002
    endloop
  endfacet
  facet normal -4.633285e-001 -8.861865e-001  0.000000e+000
    outer loop
      vertex  2.237273e+000  3.672140e+000 -1.735473e-002
      vertex  2.237273e+000  3.672140e+000  8.264527e-002
      vertex  1.738822e+000  3.932747e+000  8.264527e-002
    endloop
  endfacet
  facet normal -4.633285e-001 -8.861865e-001  -0.000000e+000
    outer loop
      vertex  2.237273e+000  3.672140e+000 -1.735473e-002
      vertex  1.738822e+000  3.932747e+000  8.264527e-002
      vertex  1.738822e+000  3.932747e+000 -1.735473e-002
    endloop
  endfacet
  facet normal -3.436943e-001 -9.390816e-001  0.000000e+000
    outer loop
      vertex  1.738822e+000  3.932747e+000 -1.735473e-002
      vertex  1.738822e+000  3.932747e+000  8.264527e-002
      vertex  1.210620e+000  4.126063e+000  8.264527e-002
    endloop
  endfacet
  facet normal -3.436943e-001 -9.390816e-001  -0.000000e+000
    outer loop
      vertex  1.738822e+000  3.932747e+000 -1.735473e-002
      vertex  1.210620e+000  4.126063e+000  8.264527e-002
      vertex  1.210620e+000  4.126063e+000 -1.735473e-002
    endloop
  endfacet
  facet normal -2.181796e-001 -9.759087e-001  0.000000e+000
    outer loop
      vertex  1.210620e+000  4.126063e+000 -1.735473e-002
      vertex  1.210620e+000  4.126063e+000  8.264527e-002
      vertex  6.617036e-001  4.248782e+000  8.264527e-002
    endloop
  endfacet
  facet normal -2.181796e-001 -9.759087e-001  -0.000000e+000
    outer loop
      vertex  1.210620e+000  4.126063e+000 -1.735473e-002
      vertex  6.617036e-001  4.248782e+000  8.264527e-002
      vertex  6.617036e-001  4.248782e+000 -1.735473e-002
    endloop
  endfacet
  facet normal -8.893090e-002 -9.960378e-001  0.000000e+000
    outer loop
      vertex  6.617036e-001  4.248782e+000 -1.735473e-002
      vertex  6.617036e-001  4.248782e+000  8.264527e-002
      vertex  1.014653e-001  4.298803e+000  8.264527e-002
    endloop
  endfacet
  facet normal -8.893090e-002 -9.960378e-001  -0.000000e+000
    outer loop
      vertex  6.617036e-001  4.248782e+000 -1.735473e-002
      vertex  1.014653e-001  4.298803e+000  8.264527e-002
      vertex  1.014653e-001  4.298803e+000 -1.735473e-002
    endloop
  endfacet
  facet normal  4.183952e-002 -9.991243e-001  0.000000e+000
    outer loop
      vertex  1.014653e-001  4.298803e+000 -1.735473e-002
      vertex  1.014653e-001  4.298803e+000  8.264527e-002
      vertex -4.605091e-001  4.275270e+000  8.264527e-002
    endloop
  endfacet
  facet normal  4.183952e-002 -9.991243e-001  0.000000e+000
    outer loop
      vertex  1.014653e-001  4.298803e+000 -1.735473e-002
      vertex -4.605091e-001  4.275270e+000  8.264527e-002
      vertex -4.605091e-001  4.275270e+000 -1.735473e-002
    endloop
  endfacet
  facet normal  1.718927e-001 -9.851156e-001  0.000000e+000
    outer loop
      vertex -4.605091e-001  4.275270e+000 -1.735473e-002
      vertex -4.605091e-001  4.275270e+000  8.264527e-002
      vertex -1.014604e+000  4.178586e+000  8.264527e-002
    endloop
  endfacet
  facet normal  1.718927e-001 -9.851156e-001  0.000000e+000
    outer loop
      vertex -4.605091e-001  4.275270e+000 -1.735473e-002
      vertex -1.014604e+000  4.178586e+000  8.264527e-002
      vertex -1.014604e+000  4.178586e+000 -1.735473e-002
    endloop
  endfacet
  facet normal  2.990052e-001 -9.542514e-001  0.000000e+000
    outer loop
      vertex -1.014604e+000  4.178586e+000 -1.735473e-002
      vertex -1.014604e+000  4.178586e+000  8.264527e-002
      vertex -1.551339e+000  4.010405e+000  8.264527e-002
    endloop
  endfacet
  facet normal  2.990052e-001 -9.542514e-001  0.000000e+000
    outer loop
      vertex -1.014604e+000  4.178586e+000 -1.735473e-002
      vertex -1.551339e+000  4.010405e+000  8.264527e-002
      vertex -1.551339e+000  4.010405e+000 -1.735473e-002
    endloop
  endfacet
  facet normal  4.210024e-001 -9.070596e-001  0.000000e+000
    outer loop
      vertex -1.551339e+000  4.010405e+000 -1.735473e-002
      vertex -1.551339e+000  4.010405e+000  8.264527e-002
      vertex -2.061530e+000  3.773605e+000  8.264527e-002
    endloop
  endfacet
  facet normal  4.210024e-001 -9.070596e-001  0.000000e+000
    outer loop
      vertex -1.551339e+000  4.010405e+000 -1.735473e-002
      vertex -2.061530e+000  3.773605e+000  8.264527e-002
      vertex -2.061530e+000  3.773605e+000 -1.735473e-002
    endloop
  endfacet
  facet normal -8.443476e-001 -5.357959e-001  0.000000e+000
    outer loop
      vertex  3.472238e+000  2.536448e+000  8.264527e-002
      vertex  3.773605e+000  2.061530e+000 -1.735473e-002
      vertex  3.773605e+000  2.061530e+000  8.264527e-002
    endloop
  endfacet
  facet normal -9.070596e-001 -4.210024e-001  -0.000000e+000
    outer loop
      vertex  3.773605e+000  2.061530e+000  8.264527e-002
      vertex  3.773605e+000  2.061530e+000 -1.735473e-002
      vertex  4.010405e+000  1.551339e+000 -1.735473e-002
    endloop
  endfacet
  facet normal -9.070596e-001 -4.210024e-001  0.000000e+000
    outer loop
      vertex  3.773605e+000  2.061530e+000  8.264527e-002
      vertex  4.010405e+000  1.551339e+000 -1.735473e-002
      vertex  4.010405e+000  1.551339e+000  8.264527e-002
    endloop
  endfacet
  facet normal -9.542514e-001 -2.990052e-001  -0.000000e+000
    outer loop
      vertex  4.010405e+000  1.551339e+000  8.264527e-002
      vertex  4.010405e+000  1.551339e+000 -1.735473e-002
      vertex  4.178586e+000  1.014604e+000 -1.735473e-002
    endloop
  endfacet
  facet normal -9.542514e-001 -2.990052e-001  0.000000e+000
    outer loop
      vertex  4.010405e+000  1.551339e+000  8.264527e-002
      vertex  4.178586e+000  1.014604e+000 -1.735473e-002
      vertex  4.178586e+000  1.014604e+000  8.264527e-002
    endloop
  endfacet
  facet normal -9.851156e-001 -1.718927e-001  -0.000000e+000
    outer loop
      vertex  4.178586e+000  1.014604e+000  8.264527e-002
      vertex  4.178586e+000  1.014604e+000 -1.735473e-002
      vertex  4.275270e+000  4.605091e-001 -1.735473e-002
    endloop
  endfacet
  facet normal -9.851156e-001 -1.718927e-001  0.000000e+000
    outer loop
      vertex  4.178586e+000  1.014604e+000  8.264527e-002
      vertex  4.275270e+000  4.605091e-001 -1.735473e-002
      vertex  4.275270e+000  4.605091e-001  8.264527e-002
    endloop
  endfacet
  facet normal -9.991243e-001 -4.183952e-002  -0.000000e+000
    outer loop
      vertex  4.275270e+000  4.605091e-001  8.264527e-002
      vertex  4.275270e+000  4.605091e-001 -1.735473e-002
      vertex  4.298803e+000 -1.014653e-001 -1.735473e-002
    endloop
  endfacet
  facet normal -9.991243e-001 -4.183952e-002  0.000000e+000
    outer loop
      vertex  4.275270e+000  4.605091e-001  8.264527e-002
      vertex  4.298803e+000 -1.014653e-001 -1.735473e-002
      vertex  4.298803e+000 -1.014653e-001  8.264527e-002
    endloop
  endfacet
  facet normal -9.960378e-001  8.893090e-002  0.000000e+000
    outer loop
      vertex  4.298803e+000 -1.014653e-001  8.264527e-002
      vertex  4.298803e+000 -1.014653e-001 -1.735473e-002
      vertex  4.248782e+000 -6.617036e-001 -1.735473e-002
    endloop
  endfacet
  facet normal -9.960378e-001  8.893090e-002  0.000000e+000
    outer loop
      vertex  4.298803e+000 -1.014653e-001  8.264527e-002
      vertex  4.248782e+000 -6.617036e-001 -1.735473e-002
      vertex  4.248782e+000 -6.617036e-001  8.264527e-002
    endloop
  endfacet
  facet normal -9.759087e-001  2.181796e-001  0.000000e+000
    outer loop
      vertex  4.248782e+000 -6.617036e-001  8.264527e-002
      vertex  4.248782e+000 -6.617036e-001 -1.735473e-002
      vertex  4.126063e+000 -1.210620e+000 -1.735473e-002
    endloop
  endfacet
  facet normal -9.759087e-001  2.181796e-001  0.000000e+000
    outer loop
      vertex  4.248782e+000 -6.617036e-001  8.264527e-002
      vertex  4.126063e+000 -1.210620e+000 -1.735473e-002
      vertex  4.126063e+000 -1.210620e+000  8.264527e-002
    endloop
  endfacet
  facet normal -9.390816e-001  3.436943e-001  0.000000e+000
    outer loop
      vertex  4.126063e+000 -1.210620e+000  8.264527e-002
      vertex  4.126063e+000 -1.210620e+000 -1.735473e-002
      vertex  3.932747e+000 -1.738822e+000 -1.735473e-002
    endloop
  endfacet
  facet normal -9.390816e-001  3.436943e-001  0.000000e+000
    outer loop
      vertex  4.126063e+000 -1.210620e+000  8.264527e-002
      vertex  3.932747e+000 -1.738822e+000 -1.735473e-002
      vertex  3.932747e+000 -1.738822e+000  8.264527e-002
    endloop
  endfacet
  facet normal -8.861865e-001  4.633285e-001  0.000000e+000
    outer loop
      vertex  3.932747e+000 -1.738822e+000  8.264527e-002
      vertex  3.932747e+000 -1.738822e+000 -1.735473e-002
      vertex  3.672140e+000 -2.237273e+000 -1.735473e-002
    endloop
  endfacet
  facet normal -8.861865e-001  4.633285e-001  0.000000e+000
    outer loop
      vertex  3.932747e+000 -1.738822e+000  8.264527e-002
      vertex  3.672140e+000 -2.237273e+000 -1.735473e-002
      vertex  3.672140e+000 -2.237273e+000  8.264527e-002
    endloop
  endfacet
  facet normal -8.181285e-001  5.750354e-001  0.000000e+000
    outer loop
      vertex  3.672140e+000 -2.237273e+000  8.264527e-002
      vertex  3.672140e+000 -2.237273e+000 -1.735473e-002
      vertex  3.348701e+000 -2.697443e+000 -1.735473e-002
    endloop
  endfacet
  facet normal -8.181285e-001  5.750354e-001  0.000000e+000
    outer loop
      vertex  3.672140e+000 -2.237273e+000  8.264527e-002
      vertex  3.348701e+000 -2.697443e+000 -1.735473e-002
      vertex  3.348701e+000 -2.697443e+000  8.264527e-002
    endloop
  endfacet
  facet normal -7.360721e-001  6.769031e-001  0.000000e+000
    outer loop
      vertex  3.348701e+000 -2.697443e+000  8.264527e-002
      vertex  3.348701e+000 -2.697443e+000 -1.735473e-002
      vertex  2.967966e+000 -3.111459e+000 -1.735473e-002
    endloop
  endfacet
  facet normal -7.360721e-001  6.769031e-001  0.000000e+000
    outer loop
      vertex  3.348701e+000 -2.697443e+000  8.264527e-002
      vertex  2.967966e+000 -3.111459e+000 -1.735473e-002
      vertex  2.967966e+000 -3.111459e+000  8.264527e-002
    endloop
  endfacet
  facet normal -6.414214e-001  7.671887e-001  0.000000e+000
    outer loop
      vertex  2.967966e+000 -3.111459e+000  8.264527e-002
      vertex  2.967966e+000 -3.111459e+000 -1.735473e-002
      vertex  2.536448e+000 -3.472238e+000 -1.735473e-002
    endloop
  endfacet
  facet normal -6.414214e-001  7.671887e-001  0.000000e+000
    outer loop
      vertex  2.967966e+000 -3.111459e+000  8.264527e-002
      vertex  2.536448e+000 -3.472238e+000 -1.735473e-002
      vertex  2.536448e+000 -3.472238e+000  8.264527e-002
    endloop
  endfacet
  facet normal -5.357959e-001  8.443476e-001  0.000000e+000
    outer loop
      vertex  2.536448e+000 -3.472238e+000  8.264527e-002
      vertex  2.536448e+000 -3.472238e+000 -1.735473e-002
      vertex  2.061530e+000 -3.773605e+000 -1.735473e-002
    endloop
  endfacet
  facet normal -5.357959e-001  8.443476e-001  0.000000e+000
    outer loop
      vertex  2.536448e+000 -3.472238e+000  8.264527e-002
      vertex  2.061530e+000 -3.773605e+000 -1.735473e-002
      vertex  2.061530e+000 -3.773605e+000  8.264527e-002
    endloop
  endfacet
  facet normal  8.263646e-001  5.631353e-001  0.000000e+000
    outer loop
      vertex -3.071539e-001 -1.677989e-001 -2.291438e+000
      vertex -2.685161e-001 -2.244975e-001 -1.717355e+000
      vertex -2.685161e-001 -2.244975e-001 -2.291438e+000
    endloop
  endfacet
  facet normal  7.006242e-001  7.135304e-001  -0.000000e+000
    outer loop
      vertex -2.685161e-001 -2.244975e-001 -2.291438e+000
      vertex -2.685161e-001 -2.244975e-001 -1.717355e+000
      vertex -2.195593e-001 -2.725687e-001 -1.717355e+000
    endloop
  endfacet
  facet normal  7.006242e-001  7.135304e-001  0.000000e+000
    outer loop
      vertex -2.685161e-001 -2.244975e-001 -2.291438e+000
      vertex -2.195593e-001 -2.725687e-001 -1.717355e+000
      vertex -2.195593e-001 -2.725687e-001 -2.291438e+000
    endloop
  endfacet
  facet normal  5.479592e-001  8.365051e-001  -0.000000e+000
    outer loop
      vertex -2.195593e-001 -2.725687e-001 -2.291438e+000
      vertex -2.195593e-001 -2.725687e-001 -1.717355e+000
      vertex -1.621650e-001 -3.101653e-001 -1.717355e+000
    endloop
  endfacet
  facet normal  5.479592e-001  8.365051e-001  0.000000e+000
    outer loop
      vertex -2.195593e-001 -2.725687e-001 -2.291438e+000
      vertex -1.621650e-001 -3.101653e-001 -1.717355e+000
      vertex -1.621650e-001 -3.101653e-001 -2.291438e+000
    endloop
  endfacet
  facet normal  3.742361e-001  9.273334e-001  -0.000000e+000
    outer loop
      vertex -1.621650e-001 -3.101653e-001 -2.291438e+000
      vertex -1.621650e-001 -3.101653e-001 -1.717355e+000
      vertex -9.853884e-002 -3.358424e-001 -1.717355e+000
    endloop
  endfacet
  facet normal  3.742361e-001  9.273334e-001  0.000000e+000
    outer loop
      vertex -1.621650e-001 -3.101653e-001 -2.291438e+000
      vertex -9.853884e-002 -3.358424e-001 -1.717355e+000
      vertex -9.853884e-002 -3.358424e-001 -2.291438e+000
    endloop
  endfacet
  facet normal  1.861316e-001  9.825249e-001  -0.000000e+000
    outer loop
      vertex -9.853884e-002 -3.358424e-001 -2.291438e+000
      vertex -9.853884e-002 -3.358424e-001 -1.717355e+000
      vertex -3.112584e-002 -3.486132e-001 -1.717355e+000
    endloop
  endfacet
  facet normal  1.861316e-001  9.825249e-001  0.000000e+000
    outer loop
      vertex -9.853884e-002 -3.358424e-001 -2.291438e+000
      vertex -3.112584e-002 -3.486132e-001 -1.717355e+000
      vertex -3.112584e-002 -3.486132e-001 -2.291438e+000
    endloop
  endfacet
  facet normal -9.125909e-003  9.999584e-001  0.000000e+000
    outer loop
      vertex -3.112584e-002 -3.486132e-001 -2.291438e+000
      vertex -3.112584e-002 -3.486132e-001 -1.717355e+000
      vertex  3.748330e-002 -3.479871e-001 -1.717355e+000
    endloop
  endfacet
  facet normal -9.125909e-003  9.999584e-001  0.000000e+000
    outer loop
      vertex -3.112584e-002 -3.486132e-001 -2.291438e+000
      vertex  3.748330e-002 -3.479871e-001 -1.717355e+000
      vertex  3.748330e-002 -3.479871e-001 -2.291438e+000
    endloop
  endfacet
  facet normal -2.040329e-001  9.789640e-001  0.000000e+000
    outer loop
      vertex  3.748330e-002 -3.479871e-001 -2.291438e+000
      vertex  3.748330e-002 -3.479871e-001 -1.717355e+000
      vertex  1.046520e-001 -3.339880e-001 -1.717355e+000
    endloop
  endfacet
  facet normal -2.040329e-001  9.789640e-001  0.000000e+000
    outer loop
      vertex  3.748330e-002 -3.479871e-001 -2.291438e+000
      vertex  1.046520e-001 -3.339880e-001 -1.717355e+000
      vertex  1.046520e-001 -3.339880e-001 -2.291438e+000
    endloop
  endfacet
  facet normal -3.910988e-001  9.203487e-001  0.000000e+000
    outer loop
      vertex  1.046520e-001 -3.339880e-001 -2.291438e+000
      vertex  1.046520e-001 -3.339880e-001 -1.717355e+000
      vertex  1.677989e-001 -3.071539e-001 -1.717355e+000
    endloop
  endfacet
  facet normal -3.910988e-001  9.203487e-001  0.000000e+000
    outer loop
      vertex  1.046520e-001 -3.339880e-001 -2.291438e+000
      vertex  1.677989e-001 -3.071539e-001 -1.717355e+000
      vertex  1.677989e-001 -3.071539e-001 -2.291438e+000
    endloop
  endfacet
  facet normal  8.263646e-001  5.631353e-001  -0.000000e+000
    outer loop
      vertex -2.685161e-001 -2.244975e-001 -1.717355e+000
      vertex -3.071539e-001 -1.677989e-001 -2.291438e+000
      vertex -3.071539e-001 -1.677989e-001 -1.717355e+000
    endloop
  endfacet
  facet normal  9.203487e-001  3.910988e-001  0.000000e+000
    outer loop
      vertex -3.071539e-001 -1.677989e-001 -1.717355e+000
      vertex -3.071539e-001 -1.677989e-001 -2.291438e+000
      vertex -3.339880e-001 -1.046520e-001 -2.291438e+000
    endloop
  endfacet
  facet normal  9.203487e-001  3.910988e-001  -0.000000e+000
    outer loop
      vertex -3.071539e-001 -1.677989e-001 -1.717355e+000
      vertex -3.339880e-001 -1.046520e-001 -2.291438e+000
      vertex -3.339880e-001 -1.046520e-001 -1.717355e+000
    endloop
  endfacet
  facet normal  9.789640e-001  2.040329e-001  0.000000e+000
    outer loop
      vertex -3.339880e-001 -1.046520e-001 -1.717355e+000
      vertex -3.339880e-001 -1.046520e-001 -2.291438e+000
      vertex -3.479871e-001 -3.748330e-002 -2.291438e+000
    endloop
  endfacet
  facet normal  9.789640e-001  2.040329e-001  -0.000000e+000
    outer loop
      vertex -3.339880e-001 -1.046520e-001 -1.717355e+000
      vertex -3.479871e-001 -3.748330e-002 -2.291438e+000
      vertex -3.479871e-001 -3.748330e-002 -1.717355e+000
    endloop
  endfacet
  facet normal  9.999584e-001  9.125909e-003  0.000000e+000
    outer loop
      vertex -3.479871e-001 -3.748330e-002 -1.717355e+000
      vertex -3.479871e-001 -3.748330e-002 -2.291438e+000
      vertex -3.486132e-001  3.112584e-002 -2.291438e+000
    endloop
  endfacet
  facet normal  9.999584e-001  9.125909e-003  -0.000000e+000
    outer loop
      vertex -3.479871e-001 -3.748330e-002 -1.717355e+000
      vertex -3.486132e-001  3.112584e-002 -2.291438e+000
      vertex -3.486132e-001  3.112584e-002 -1.717355e+000
    endloop
  endfacet
  facet normal  9.825249e-001 -1.861316e-001  0.000000e+000
    outer loop
      vertex -3.486132e-001  3.112584e-002 -1.717355e+000
      vertex -3.486132e-001  3.112584e-002 -2.291438e+000
      vertex -3.358424e-001  9.853884e-002 -2.291438e+000
    endloop
  endfacet
  facet normal  9.825249e-001 -1.861316e-001  0.000000e+000
    outer loop
      vertex -3.486132e-001  3.112584e-002 -1.717355e+000
      vertex -3.358424e-001  9.853884e-002 -2.291438e+000
      vertex -3.358424e-001  9.853884e-002 -1.717355e+000
    endloop
  endfacet
  facet normal  9.273334e-001 -3.742361e-001  0.000000e+000
    outer loop
      vertex -3.358424e-001  9.853884e-002 -1.717355e+000
      vertex -3.358424e-001  9.853884e-002 -2.291438e+000
      vertex -3.101653e-001  1.621650e-001 -2.291438e+000
    endloop
  endfacet
  facet normal  9.273334e-001 -3.742361e-001  0.000000e+000
    outer loop
      vertex -3.358424e-001  9.853884e-002 -1.717355e+000
      vertex -3.101653e-001  1.621650e-001 -2.291438e+000
      vertex -3.101653e-001  1.621650e-001 -1.717355e+000
    endloop
  endfacet
  facet normal  8.365051e-001 -5.479592e-001  0.000000e+000
    outer loop
      vertex -3.101653e-001  1.621650e-001 -1.717355e+000
      vertex -3.101653e-001  1.621650e-001 -2.291438e+000
      vertex -2.725687e-001  2.195593e-001 -2.291438e+000
    endloop
  endfacet
  facet normal  8.365051e-001 -5.479592e-001  0.000000e+000
    outer loop
      vertex -3.101653e-001  1.621650e-001 -1.717355e+000
      vertex -2.725687e-001  2.195593e-001 -2.291438e+000
      vertex -2.725687e-001  2.195593e-001 -1.717355e+000
    endloop
  endfacet
  facet normal  7.135304e-001 -7.006242e-001  0.000000e+000
    outer loop
      vertex -2.725687e-001  2.195593e-001 -1.717355e+000
      vertex -2.725687e-001  2.195593e-001 -2.291438e+000
      vertex -2.244975e-001  2.685161e-001 -2.291438e+000
    endloop
  endfacet
  facet normal  7.135304e-001 -7.006242e-001  0.000000e+000
    outer loop
      vertex -2.725687e-001  2.195593e-001 -1.717355e+000
      vertex -2.244975e-001  2.685161e-001 -2.291438e+000
      vertex -2.244975e-001  2.685161e-001 -1.717355e+000
    endloop
  endfacet
  facet normal  5.631353e-001 -8.263646e-001  0.000000e+000
    outer loop
      vertex -2.244975e-001  2.685161e-001 -1.717355e+000
      vertex -2.244975e-001  2.685161e-001 -2.291438e+000
      vertex -1.677989e-001  3.071539e-001 -2.291438e+000
    endloop
  endfacet
  facet normal  5.631353e-001 -8.263646e-001  0.000000e+000
    outer loop
      vertex -2.244975e-001  2.685161e-001 -1.717355e+000
      vertex -1.677989e-001  3.071539e-001 -2.291438e+000
      vertex -1.677989e-001  3.071539e-001 -1.717355e+000
    endloop
  endfacet
  facet normal  8.443477e-001  5.357956e-001  0.000000e+000
    outer loop
      vertex -3.817484e+000 -2.085501e+000 -1.717355e+000
      vertex -3.512613e+000 -2.565941e+000 -1.735473e-002
      vertex -3.512613e+000 -2.565941e+000 -1.717355e+000
    endloop
  endfacet
  facet normal  7.671885e-001  6.414216e-001  -0.000000e+000
    outer loop
      vertex -3.512613e+000 -2.565941e+000 -1.717355e+000
      vertex -3.512613e+000 -2.565941e+000 -1.735473e-002
      vertex -3.147639e+000 -3.002477e+000 -1.735473e-002
    endloop
  endfacet
  facet normal  7.671885e-001  6.414216e-001  0.000000e+000
    outer loop
      vertex -3.512613e+000 -2.565941e+000 -1.717355e+000
      vertex -3.147639e+000 -3.002477e+000 -1.735473e-002
      vertex -3.147639e+000 -3.002477e+000 -1.717355e+000
    endloop
  endfacet
  facet normal  6.769031e-001  7.360721e-001  -0.000000e+000
    outer loop
      vertex -3.147639e+000 -3.002477e+000 -1.717355e+000
      vertex -3.147639e+000 -3.002477e+000 -1.735473e-002
      vertex -2.728809e+000 -3.387640e+000 -1.735473e-002
    endloop
  endfacet
  facet normal  6.769031e-001  7.360721e-001  0.000000e+000
    outer loop
      vertex -3.147639e+000 -3.002477e+000 -1.717355e+000
      vertex -2.728809e+000 -3.387640e+000 -1.735473e-002
      vertex -2.728809e+000 -3.387640e+000 -1.717355e+000
    endloop
  endfacet
  facet normal  5.750355e-001  8.181285e-001  -0.000000e+000
    outer loop
      vertex -2.728809e+000 -3.387640e+000 -1.717355e+000
      vertex -2.728809e+000 -3.387640e+000 -1.735473e-002
      vertex -2.263288e+000 -3.714839e+000 -1.735473e-002
    endloop
  endfacet
  facet normal  5.750355e-001  8.181285e-001  0.000000e+000
    outer loop
      vertex -2.728809e+000 -3.387640e+000 -1.717355e+000
      vertex -2.263288e+000 -3.714839e+000 -1.735473e-002
      vertex -2.263288e+000 -3.714839e+000 -1.717355e+000
    endloop
  endfacet
  facet normal  4.633285e-001  8.861866e-001  -0.000000e+000
    outer loop
      vertex -2.263288e+000 -3.714839e+000 -1.717355e+000
      vertex -2.263288e+000 -3.714839e+000 -1.735473e-002
      vertex -1.759041e+000 -3.978476e+000 -1.735473e-002
    endloop
  endfacet
  facet normal  4.633285e-001  8.861866e-001  0.000000e+000
    outer loop
      vertex -2.263288e+000 -3.714839e+000 -1.717355e+000
      vertex -1.759041e+000 -3.978476e+000 -1.735473e-002
      vertex -1.759041e+000 -3.978476e+000 -1.717355e+000
    endloop
  endfacet
  facet normal  3.436943e-001  9.390817e-001  -0.000000e+000
    outer loop
      vertex -1.759041e+000 -3.978476e+000 -1.717355e+000
      vertex -1.759041e+000 -3.978476e+000 -1.735473e-002
      vertex -1.224697e+000 -4.174041e+000 -1.735473e-002
    endloop
  endfacet
  facet normal  3.436943e-001  9.390817e-001  0.000000e+000
    outer loop
      vertex -1.759041e+000 -3.978476e+000 -1.717355e+000
      vertex -1.224697e+000 -4.174041e+000 -1.735473e-002
      vertex -1.224697e+000 -4.174041e+000 -1.717355e+000
    endloop
  endfacet
  facet normal  2.181791e-001  9.759088e-001  -0.000000e+000
    outer loop
      vertex -1.224697e+000 -4.174041e+000 -1.717355e+000
      vertex -1.224697e+000 -4.174041e+000 -1.735473e-002
      vertex -6.693978e-001 -4.298186e+000 -1.735473e-002
    endloop
  endfacet
  facet normal  2.181791e-001  9.759088e-001  0.000000e+000
    outer loop
      vertex -1.224697e+000 -4.174041e+000 -1.717355e+000
      vertex -6.693978e-001 -4.298186e+000 -1.735473e-002
      vertex -6.693978e-001 -4.298186e+000 -1.717355e+000
    endloop
  endfacet
  facet normal  8.893111e-002  9.960378e-001  -0.000000e+000
    outer loop
      vertex -6.693978e-001 -4.298186e+000 -1.717355e+000
      vertex -6.693978e-001 -4.298186e+000 -1.735473e-002
      vertex -1.026451e-001 -4.348789e+000 -1.735473e-002
    endloop
  endfacet
  facet normal  8.893111e-002  9.960378e-001  0.000000e+000
    outer loop
      vertex -6.693978e-001 -4.298186e+000 -1.717355e+000
      vertex -1.026451e-001 -4.348789e+000 -1.735473e-002
      vertex -1.026451e-001 -4.348789e+000 -1.717355e+000
    endloop
  endfacet
  facet normal -4.183879e-002  9.991245e-001  0.000000e+000
    outer loop
      vertex -1.026451e-001 -4.348789e+000 -1.717355e+000
      vertex -1.026451e-001 -4.348789e+000 -1.735473e-002
      vertex  4.658639e-001 -4.324982e+000 -1.735473e-002
    endloop
  endfacet
  facet normal -4.183879e-002  9.991245e-001  0.000000e+000
    outer loop
      vertex -1.026451e-001 -4.348789e+000 -1.717355e+000
      vertex  4.658639e-001 -4.324982e+000 -1.735473e-002
      vertex  4.658639e-001 -4.324982e+000 -1.717355e+000
    endloop
  endfacet
  facet normal -1.718930e-001  9.851156e-001  0.000000e+000
    outer loop
      vertex  4.658639e-001 -4.324982e+000 -1.717355e+000
      vertex  4.658639e-001 -4.324982e+000 -1.735473e-002
      vertex  1.026402e+000 -4.227174e+000 -1.735473e-002
    endloop
  endfacet
  facet normal -1.718930e-001  9.851156e-001  0.000000e+000
    outer loop
      vertex  4.658639e-001 -4.324982e+000 -1.717355e+000
      vertex  1.026402e+000 -4.227174e+000 -1.735473e-002
      vertex  1.026402e+000 -4.227174e+000 -1.717355e+000
    endloop
  endfacet
  facet normal -2.990058e-001  9.542513e-001  0.000000e+000
    outer loop
      vertex  1.026402e+000 -4.227174e+000 -1.717355e+000
      vertex  1.026402e+000 -4.227174e+000 -1.735473e-002
      vertex  1.569378e+000 -4.057037e+000 -1.735473e-002
    endloop
  endfacet
  facet normal -2.990058e-001  9.542513e-001  0.000000e+000
    outer loop
      vertex  1.026402e+000 -4.227174e+000 -1.717355e+000
      vertex  1.569378e+000 -4.057037e+000 -1.735473e-002
      vertex  1.569378e+000 -4.057037e+000 -1.717355e+000
    endloop
  endfacet
  facet normal -4.210021e-001  9.070597e-001  0.000000e+000
    outer loop
      vertex  1.569378e+000 -4.057037e+000 -1.717355e+000
      vertex  1.569378e+000 -4.057037e+000 -1.735473e-002
      vertex  2.085501e+000 -3.817484e+000 -1.735473e-002
    endloop
  endfacet
  facet normal -4.210021e-001  9.070597e-001  0.000000e+000
    outer loop
      vertex  1.569378e+000 -4.057037e+000 -1.717355e+000
      vertex  2.085501e+000 -3.817484e+000 -1.735473e-002
      vertex  2.085501e+000 -3.817484e+000 -1.717355e+000
    endloop
  endfacet
  facet normal  8.443477e-001  5.357956e-001  -0.000000e+000
    outer loop
      vertex -3.512613e+000 -2.565941e+000 -1.735473e-002
      vertex -3.817484e+000 -2.085501e+000 -1.717355e+000
      vertex -3.817484e+000 -2.085501e+000 -1.735473e-002
    endloop
  endfacet
  facet normal  9.070597e-001  4.210021e-001  0.000000e+000
    outer loop
      vertex -3.817484e+000 -2.085501e+000 -1.735473e-002
      vertex -3.817484e+000 -2.085501e+000 -1.717355e+000
      vertex -4.057037e+000 -1.569378e+000 -1.717355e+000
    endloop
  endfacet
  facet normal  9.070597e-001  4.210021e-001  -0.000000e+000
    outer loop
      vertex -3.817484e+000 -2.085501e+000 -1.735473e-002
      vertex -4.057037e+000 -1.569378e+000 -1.717355e+000
      vertex -4.057037e+000 -1.569378e+000 -1.735473e-002
    endloop
  endfacet
  facet normal  9.542513e-001  2.990058e-001  0.000000e+000
    outer loop
      vertex -4.057037e+000 -1.569378e+000 -1.735473e-002
      vertex -4.057037e+000 -1.569378e+000 -1.717355e+000
      vertex -4.227174e+000 -1.026402e+000 -1.717355e+000
    endloop
  endfacet
  facet normal  9.542513e-001  2.990058e-001  -0.000000e+000
    outer loop
      vertex -4.057037e+000 -1.569378e+000 -1.735473e-002
      vertex -4.227174e+000 -1.026402e+000 -1.717355e+000
      vertex -4.227174e+000 -1.026402e+000 -1.735473e-002
    endloop
  endfacet
  facet normal  9.851156e-001  1.718930e-001  0.000000e+000
    outer loop
      vertex -4.227174e+000 -1.026402e+000 -1.735473e-002
      vertex -4.227174e+000 -1.026402e+000 -1.717355e+000
      vertex -4.324982e+000 -4.658639e-001 -1.717355e+000
    endloop
  endfacet
  facet normal  9.851156e-001  1.718930e-001  -0.000000e+000
    outer loop
      vertex -4.227174e+000 -1.026402e+000 -1.735473e-002
      vertex -4.324982e+000 -4.658639e-001 -1.717355e+000
      vertex -4.324982e+000 -4.658639e-001 -1.735473e-002
    endloop
  endfacet
  facet normal  9.991245e-001  4.183879e-002  0.000000e+000
    outer loop
      vertex -4.324982e+000 -4.658639e-001 -1.735473e-002
      vertex -4.324982e+000 -4.658639e-001 -1.717355e+000
      vertex -4.348789e+000  1.026451e-001 -1.717355e+000
    endloop
  endfacet
  facet normal  9.991245e-001  4.183879e-002  -0.000000e+000
    outer loop
      vertex -4.324982e+000 -4.658639e-001 -1.735473e-002
      vertex -4.348789e+000  1.026451e-001 -1.717355e+000
      vertex -4.348789e+000  1.026451e-001 -1.735473e-002
    endloop
  endfacet
  facet normal  9.960378e-001 -8.893111e-002  0.000000e+000
    outer loop
      vertex -4.348789e+000  1.026451e-001 -1.735473e-002
      vertex -4.348789e+000  1.026451e-001 -1.717355e+000
      vertex -4.298186e+000  6.693978e-001 -1.717355e+000
    endloop
  endfacet
  facet normal  9.960378e-001 -8.893111e-002  0.000000e+000
    outer loop
      vertex -4.348789e+000  1.026451e-001 -1.735473e-002
      vertex -4.298186e+000  6.693978e-001 -1.717355e+000
      vertex -4.298186e+000  6.693978e-001 -1.735473e-002
    endloop
  endfacet
  facet normal  9.759088e-001 -2.181791e-001  0.000000e+000
    outer loop
      vertex -4.298186e+000  6.693978e-001 -1.735473e-002
      vertex -4.298186e+000  6.693978e-001 -1.717355e+000
      vertex -4.174041e+000  1.224697e+000 -1.717355e+000
    endloop
  endfacet
  facet normal  9.759088e-001 -2.181791e-001  0.000000e+000
    outer loop
      vertex -4.298186e+000  6.693978e-001 -1.735473e-002
      vertex -4.174041e+000  1.224697e+000 -1.717355e+000
      vertex -4.174041e+000  1.224697e+000 -1.735473e-002
    endloop
  endfacet
  facet normal  9.390817e-001 -3.436943e-001  0.000000e+000
    outer loop
      vertex -4.174041e+000  1.224697e+000 -1.735473e-002
      vertex -4.174041e+000  1.224697e+000 -1.717355e+000
      vertex -3.978476e+000  1.759041e+000 -1.717355e+000
    endloop
  endfacet
  facet normal  9.390817e-001 -3.436943e-001  0.000000e+000
    outer loop
      vertex -4.174041e+000  1.224697e+000 -1.735473e-002
      vertex -3.978476e+000  1.759041e+000 -1.717355e+000
      vertex -3.978476e+000  1.759041e+000 -1.735473e-002
    endloop
  endfacet
  facet normal  8.861866e-001 -4.633285e-001  0.000000e+000
    outer loop
      vertex -3.978476e+000  1.759041e+000 -1.735473e-002
      vertex -3.978476e+000  1.759041e+000 -1.717355e+000
      vertex -3.714839e+000  2.263288e+000 -1.717355e+000
    endloop
  endfacet
  facet normal  8.861866e-001 -4.633285e-001  0.000000e+000
    outer loop
      vertex -3.978476e+000  1.759041e+000 -1.735473e-002
      vertex -3.714839e+000  2.263288e+000 -1.717355e+000
      vertex -3.714839e+000  2.263288e+000 -1.735473e-002
    endloop
  endfacet
  facet normal  8.181285e-001 -5.750355e-001  0.000000e+000
    outer loop
      vertex -3.714839e+000  2.263288e+000 -1.735473e-002
      vertex -3.714839e+000  2.263288e+000 -1.717355e+000
      vertex -3.387640e+000  2.728809e+000 -1.717355e+000
    endloop
  endfacet
  facet normal  8.181285e-001 -5.750355e-001  0.000000e+000
    outer loop
      vertex -3.714839e+000  2.263288e+000 -1.735473e-002
      vertex -3.387640e+000  2.728809e+000 -1.717355e+000
      vertex -3.387640e+000  2.728809e+000 -1.735473e-002
    endloop
  endfacet
  facet normal  7.360721e-001 -6.769031e-001  0.000000e+000
    outer loop
      vertex -3.387640e+000  2.728809e+000 -1.735473e-002
      vertex -3.387640e+000  2.728809e+000 -1.717355e+000
      vertex -3.002477e+000  3.147639e+000 -1.717355e+000
    endloop
  endfacet
  facet normal  7.360721e-001 -6.769031e-001  0.000000e+000
    outer loop
      vertex -3.387640e+000  2.728809e+000 -1.735473e-002
      vertex -3.002477e+000  3.147639e+000 -1.717355e+000
      vertex -3.002477e+000  3.147639e+000 -1.735473e-002
    endloop
  endfacet
  facet normal  6.414216e-001 -7.671885e-001  0.000000e+000
    outer loop
      vertex -3.002477e+000  3.147639e+000 -1.735473e-002
      vertex -3.002477e+000  3.147639e+000 -1.717355e+000
      vertex -2.565941e+000  3.512613e+000 -1.717355e+000
    endloop
  endfacet
  facet normal  6.414216e-001 -7.671885e-001  0.000000e+000
    outer loop
      vertex -3.002477e+000  3.147639e+000 -1.735473e-002
      vertex -2.565941e+000  3.512613e+000 -1.717355e+000
      vertex -2.565941e+000  3.512613e+000 -1.735473e-002
    endloop
  endfacet
  facet normal  5.357956e-001 -8.443477e-001  0.000000e+000
    outer loop
      vertex -2.565941e+000  3.512613e+000 -1.735473e-002
      vertex -2.565941e+000  3.512613e+000 -1.717355e+000
      vertex -2.085501e+000  3.817484e+000 -1.717355e+000
    endloop
  endfacet
  facet normal  5.357956e-001 -8.443477e-001  0.000000e+000
    outer loop
      vertex -2.565941e+000  3.512613e+000 -1.735473e-002
      vertex -2.085501e+000  3.817484e+000 -1.717355e+000
      vertex -2.085501e+000  3.817484e+000 -1.735473e-002
    endloop
  endfacet
  facet normal  8.443476e-001  5.357959e-001  0.000000e+000
    outer loop
      vertex -3.773605e+000 -2.061530e+000 -1.735473e-002
      vertex -3.472238e+000 -2.536448e+000  8.264527e-002
      vertex -3.472238e+000 -2.536448e+000 -1.735473e-002
    endloop
  endfacet
  facet normal  7.671887e-001  6.414214e-001  -0.000000e+000
    outer loop
      vertex -3.472238e+000 -2.536448e+000 -1.735473e-002
      vertex -3.472238e+000 -2.536448e+000  8.264527e-002
      vertex -3.111459e+000 -2.967966e+000  8.264527e-002
    endloop
  endfacet
  facet normal  7.671887e-001  6.414214e-001  0.000000e+000
    outer loop
      vertex -3.472238e+000 -2.536448e+000 -1.735473e-002
      vertex -3.111459e+000 -2.967966e+000  8.264527e-002
      vertex -3.111459e+000 -2.967966e+000 -1.735473e-002
    endloop
  endfacet
  facet normal  6.769031e-001  7.360721e-001  -0.000000e+000
    outer loop
      vertex -3.111459e+000 -2.967966e+000 -1.735473e-002
      vertex -3.111459e+000 -2.967966e+000  8.264527e-002
      vertex -2.697443e+000 -3.348701e+000  8.264527e-002
    endloop
  endfacet
  facet normal  6.769031e-001  7.360721e-001  0.000000e+000
    outer loop
      vertex -3.111459e+000 -2.967966e+000 -1.735473e-002
      vertex -2.697443e+000 -3.348701e+000  8.264527e-002
      vertex -2.697443e+000 -3.348701e+000 -1.735473e-002
    endloop
  endfacet
  facet normal  5.750354e-001  8.181285e-001  -0.000000e+000
    outer loop
      vertex -2.697443e+000 -3.348701e+000 -1.735473e-002
      vertex -2.697443e+000 -3.348701e+000  8.264527e-002
      vertex -2.237273e+000 -3.672140e+000  8.264527e-002
    endloop
  endfacet
  facet normal  5.750354e-001  8.181285e-001  0.000000e+000
    outer loop
      vertex -2.697443e+000 -3.348701e+000 -1.735473e-002
      vertex -2.237273e+000 -3.672140e+000  8.264527e-002
      vertex -2.237273e+000 -3.672140e+000 -1.735473e-002
    endloop
  endfacet
  facet normal  4.633285e-001  8.861865e-001  -0.000000e+000
    outer loop
      vertex -2.237273e+000 -3.672140e+000 -1.735473e-002
      vertex -2.237273e+000 -3.672140e+000  8.264527e-002
      vertex -1.738822e+000 -3.932747e+000  8.264527e-002
    endloop
  endfacet
  facet normal  4.633285e-001  8.861865e-001  0.000000e+000
    outer loop
      vertex -2.237273e+000 -3.672140e+000 -1.735473e-002
      vertex -1.738822e+000 -3.932747e+000  8.264527e-002
      vertex -1.738822e+000 -3.932747e+000 -1.735473e-002
    endloop
  endfacet
  facet normal  3.436943e-001  9.390816e-001  -0.000000e+000
    outer loop
      vertex -1.738822e+000 -3.932747e+000 -1.735473e-002
      vertex -1.738822e+000 -3.932747e+000  8.264527e-002
      vertex -1.210620e+000 -4.126063e+000  8.264527e-002
    endloop
  endfacet
  facet normal  3.436943e-001  9.390816e-001  0.000000e+000
    outer loop
      vertex -1.738822e+000 -3.932747e+000 -1.735473e-002
      vertex -1.210620e+000 -4.126063e+000  8.264527e-002
      vertex -1.210620e+000 -4.126063e+000 -1.735473e-002
    endloop
  endfacet
  facet normal  2.181796e-001  9.759087e-001  -0.000000e+000
    outer loop
      vertex -1.210620e+000 -4.126063e+000 -1.735473e-002
      vertex -1.210620e+000 -4.126063e+000  8.264527e-002
      vertex -6.617036e-001 -4.248782e+000  8.264527e-002
    endloop
  endfacet
  facet normal  2.181796e-001  9.759087e-001  0.000000e+000
    outer loop
      vertex -1.210620e+000 -4.126063e+000 -1.735473e-002
      vertex -6.617036e-001 -4.248782e+000  8.264527e-002
      vertex -6.617036e-001 -4.248782e+000 -1.735473e-002
    endloop
  endfacet
  facet normal  8.893090e-002  9.960378e-001  -0.000000e+000
    outer loop
      vertex -6.617036e-001 -4.248782e+000 -1.735473e-002
      vertex -6.617036e-001 -4.248782e+000  8.264527e-002
      vertex -1.014653e-001 -4.298803e+000  8.264527e-002
    endloop
  endfacet
  facet normal  8.893090e-002  9.960378e-001  0.000000e+000
    outer loop
      vertex -6.617036e-001 -4.248782e+000 -1.735473e-002
      vertex -1.014653e-001 -4.298803e+000  8.264527e-002
      vertex -1.014653e-001 -4.298803e+000 -1.735473e-002
    endloop
  endfacet
  facet normal -4.183952e-002  9.991243e-001  0.000000e+000
    outer loop
      vertex -1.014653e-001 -4.298803e+000 -1.735473e-002
      vertex -1.014653e-001 -4.298803e+000  8.264527e-002
      vertex  4.605091e-001 -4.275270e+000  8.264527e-002
    endloop
  endfacet
  facet normal -4.183952e-002  9.991243e-001  0.000000e+000
    outer loop
      vertex -1.014653e-001 -4.298803e+000 -1.735473e-002
      vertex  4.605091e-001 -4.275270e+000  8.264527e-002
      vertex  4.605091e-001 -4.275270e+000 -1.735473e-002
    endloop
  endfacet
  facet normal -1.718927e-001  9.851156e-001  0.000000e+000
    outer loop
      vertex  4.605091e-001 -4.275270e+000 -1.735473e-002
      vertex  4.605091e-001 -4.275270e+000  8.264527e-002
      vertex  1.014604e+000 -4.178586e+000  8.264527e-002
    endloop
  endfacet
  facet normal -1.718927e-001  9.851156e-001  0.000000e+000
    outer loop
      vertex  4.605091e-001 -4.275270e+000 -1.735473e-002
      vertex  1.014604e+000 -4.178586e+000  8.264527e-002
      vertex  1.014604e+000 -4.178586e+000 -1.735473e-002
    endloop
  endfacet
  facet normal -2.990052e-001  9.542514e-001  0.000000e+000
    outer loop
      vertex  1.014604e+000 -4.178586e+000 -1.735473e-002
      vertex  1.014604e+000 -4.178586e+000  8.264527e-002
      vertex  1.551339e+000 -4.010405e+000  8.264527e-002
    endloop
  endfacet
  facet normal -2.990052e-001  9.542514e-001  0.000000e+000
    outer loop
      vertex  1.014604e+000 -4.178586e+000 -1.735473e-002
      vertex  1.551339e+000 -4.010405e+000  8.264527e-002
      vertex  1.551339e+000 -4.010405e+000 -1.735473e-002
    endloop
  endfacet
  facet normal -4.210024e-001  9.070596e-001  0.000000e+000
    outer loop
      vertex  1.551339e+000 -4.010405e+000 -1.735473e-002
      vertex  1.551339e+000 -4.010405e+000  8.264527e-002
      vertex  2.061530e+000 -3.773605e+000  8.264527e-002
    endloop
  endfacet
  facet normal -4.210024e-001  9.070596e-001  0.000000e+000
    outer loop
      vertex  1.551339e+000 -4.010405e+000 -1.735473e-002
      vertex  2.061530e+000 -3.773605e+000  8.264527e-002
      vertex  2.061530e+000 -3.773605e+000 -1.735473e-002
    endloop
  endfacet
  facet normal  8.443476e-001  5.357959e-001  -0.000000e+000
    outer loop
      vertex -3.472238e+000 -2.536448e+000  8.264527e-002
      vertex -3.773605e+000 -2.061530e+000 -1.735473e-002
      vertex -3.773605e+000 -2.061530e+000  8.264527e-002
    endloop
  endfacet
  facet normal  9.070596e-001  4.210024e-001  0.000000e+000
    outer loop
      vertex -3.773605e+000 -2.061530e+000  8.264527e-002
      vertex -3.773605e+000 -2.061530e+000 -1.735473e-002
      vertex -4.010405e+000 -1.551339e+000 -1.735473e-002
    endloop
  endfacet
  facet normal  9.070596e-001  4.210024e-001  -0.000000e+000
    outer loop
      vertex -3.773605e+000 -2.061530e+000  8.264527e-002
      vertex -4.010405e+000 -1.551339e+000 -1.735473e-002
      vertex -4.010405e+000 -1.551339e+000  8.264527e-002
    endloop
  endfacet
  facet normal  9.542514e-001  2.990052e-001  0.000000e+000
    outer loop
      vertex -4.010405e+000 -1.551339e+000  8.264527e-002
      vertex -4.010405e+000 -1.551339e+000 -1.735473e-002
      vertex -4.178586e+000 -1.014604e+000 -1.735473e-002
    endloop
  endfacet
  facet normal  9.542514e-001  2.990052e-001  -0.000000e+000
    outer loop
      vertex -4.010405e+000 -1.551339e+000  8.264527e-002
      vertex -4.178586e+000 -1.014604e+000 -1.735473e-002
      vertex -4.178586e+000 -1.014604e+000  8.264527e-002
    endloop
  endfacet
  facet normal  9.851156e-001  1.718927e-001  0.000000e+000
    outer loop
      vertex -4.178586e+000 -1.014604e+000  8.264527e-002
      vertex -4.178586e+000 -1.014604e+000 -1.735473e-002
      vertex -4.275270e+000 -4.605091e-001 -1.735473e-002
    endloop
  endfacet
  facet normal  9.851156e-001  1.718927e-001  -0.000000e+000
    outer loop
      vertex -4.178586e+000 -1.014604e+000  8.264527e-002
      vertex -4.275270e+000 -4.605091e-001 -1.735473e-002
      vertex -4.275270e+000 -4.605091e-001  8.264527e-002
    endloop
  endfacet
  facet normal  9.991243e-001  4.183952e-002  0.000000e+000
    outer loop
      vertex -4.275270e+000 -4.605091e-001  8.264527e-002
      vertex -4.275270e+000 -4.605091e-001 -1.735473e-002
      vertex -4.298803e+000  1.014653e-001 -1.735473e-002
    endloop
  endfacet
  facet normal  9.991243e-001  4.183952e-002  -0.000000e+000
    outer loop
      vertex -4.275270e+000 -4.605091e-001  8.264527e-002
      vertex -4.298803e+000  1.014653e-001 -1.735473e-002
      vertex -4.298803e+000  1.014653e-001  8.264527e-002
    endloop
  endfacet
  facet normal  9.960378e-001 -8.893090e-002  0.000000e+000
    outer loop
      vertex -4.298803e+000  1.014653e-001  8.264527e-002
      vertex -4.298803e+000  1.014653e-001 -1.735473e-002
      vertex -4.248782e+000  6.617036e-001 -1.735473e-002
    endloop
  endfacet
  facet normal  9.960378e-001 -8.893090e-002  0.000000e+000
    outer loop
      vertex -4.298803e+000  1.014653e-001  8.264527e-002
      vertex -4.248782e+000  6.617036e-001 -1.735473e-002
      vertex -4.248782e+000  6.617036e-001  8.264527e-002
    endloop
  endfacet
  facet normal  9.759087e-001 -2.181796e-001  0.000000e+000
    outer loop
      vertex -4.248782e+000  6.617036e-001  8.264527e-002
      vertex -4.248782e+000  6.617036e-001 -1.735473e-002
      vertex -4.126063e+000  1.210620e+000 -1.735473e-002
    endloop
  endfacet
  facet normal  9.759087e-001 -2.181796e-001  0.000000e+000
    outer loop
      vertex -4.248782e+000  6.617036e-001  8.264527e-002
      vertex -4.126063e+000  1.210620e+000 -1.735473e-002
      vertex -4.126063e+000  1.210620e+000  8.264527e-002
    endloop
  endfacet
  facet normal  9.390816e-001 -3.436943e-001  0.000000e+000
    outer loop
      vertex -4.126063e+000  1.210620e+000  8.264527e-002
      vertex -4.126063e+000  1.210620e+000 -1.735473e-002
      vertex -3.932747e+000  1.738822e+000 -1.735473e-002
    endloop
  endfacet
  facet normal  9.390816e-001 -3.436943e-001  0.000000e+000
    outer loop
      vertex -4.126063e+000  1.210620e+000  8.264527e-002
      vertex -3.932747e+000  1.738822e+000 -1.735473e-002
      vertex -3.932747e+000  1.738822e+000  8.264527e-002
    endloop
  endfacet
  facet normal  8.861865e-001 -4.633285e-001  0.000000e+000
    outer loop
      vertex -3.932747e+000  1.738822e+000  8.264527e-002
      vertex -3.932747e+000  1.738822e+000 -1.735473e-002
      vertex -3.672140e+000  2.237273e+000 -1.735473e-002
    endloop
  endfacet
  facet normal  8.861865e-001 -4.633285e-001  0.000000e+000
    outer loop
      vertex -3.932747e+000  1.738822e+000  8.264527e-002
      vertex -3.672140e+000  2.237273e+000 -1.735473e-002
      vertex -3.672140e+000  2.237273e+000  8.264527e-002
    endloop
  endfacet
  facet normal  8.181285e-001 -5.750354e-001  0.000000e+000
    outer loop
      vertex -3.672140e+000  2.237273e+000  8.264527e-002
      vertex -3.672140e+000  2.237273e+000 -1.735473e-002
      vertex -3.348701e+000  2.697443e+000 -1.735473e-002
    endloop
  endfacet
  facet normal  8.181285e-001 -5.750354e-001  0.000000e+000
    outer loop
      vertex -3.672140e+000  2.237273e+000  8.264527e-002
      vertex -3.348701e+000  2.697443e+000 -1.735473e-002
      vertex -3.348701e+000  2.697443e+000  8.264527e-002
    endloop
  endfacet
  facet normal  7.360721e-001 -6.769031e-001  0.000000e+000
    outer loop
      vertex -3.348701e+000  2.697443e+000  8.264527e-002
      vertex -3.348701e+000  2.697443e+000 -1.735473e-002
      vertex -2.967966e+000  3.111459e+000 -1.735473e-002
    endloop
  endfacet
  facet normal  7.360721e-001 -6.769031e-001  0.000000e+000
    outer loop
      vertex -3.348701e+000  2.697443e+000  8.264527e-002
      vertex -2.967966e+000  3.111459e+000 -1.735473e-002
      vertex -2.967966e+000  3.111459e+000  8.264527e-002
    endloop
  endfacet
  facet normal  6.414214e-001 -7.671887e-001  0.000000e+000
    outer loop
      vertex -2.967966e+000  3.111459e+000  8.264527e-002
      vertex -2.967966e+000  3.111459e+000 -1.735473e-002
      vertex -2.536448e+000  3.472238e+000 -1.735473e-002
    endloop
  endfacet
  facet normal  6.414214e-001 -7.671887e-001  0.000000e+000
    outer loop
      vertex -2.967966e+000  3.111459e+000  8.264527e-002
      vertex -2.536448e+000  3.472238e+000 -1.735473e-002
      vertex -2.536448e+000  3.472238e+000  8.264527e-002
    endloop
  endfacet
  facet normal  5.357959e-001 -8.443476e-001  0.000000e+000
    outer loop
      vertex -2.536448e+000  3.472238e+000  8.264527e-002
      vertex -2.536448e+000  3.472238e+000 -1.735473e-002
      vertex -2.061530e+000  3.773605e+000 -1.735473e-002
    endloop
  endfacet
  facet normal  5.357959e-001 -8.443476e-001  0.000000e+000
    outer loop
      vertex -2.536448e+000  3.472238e+000  8.264527e-002
      vertex -2.061530e+000  3.773605e+000 -1.735473e-002
      vertex -2.061530e+000  3.773605e+000  8.264527e-002
    endloop
  endfacet
endsolid CATIA STL
